-- phpMyAdmin SQL Dump
-- version 3.2.4
-- http://www.phpmyadmin.net
--
-- Host: localhost
-- Generation Time: Nov 20, 2010 at 04:23 PM
-- Server version: 5.1.52
-- PHP Version: 5.2.4

SET SQL_MODE="NO_AUTO_VALUE_ON_ZERO";


/*!40101 SET @OLD_CHARACTER_SET_CLIENT=@@CHARACTER_SET_CLIENT */;
/*!40101 SET @OLD_CHARACTER_SET_RESULTS=@@CHARACTER_SET_RESULTS */;
/*!40101 SET @OLD_COLLATION_CONNECTION=@@COLLATION_CONNECTION */;
/*!40101 SET NAMES utf8 */;

--
-- Database: `icfire_egrouper`
--

-- --------------------------------------------------------

--
-- Table structure for table `acos`
--

CREATE TABLE IF NOT EXISTS `acos` (
  `id` int(10) NOT NULL AUTO_INCREMENT,
  `parent_id` int(10) DEFAULT NULL,
  `model` varchar(255) DEFAULT NULL,
  `foreign_key` int(10) DEFAULT NULL,
  `alias` varchar(255) DEFAULT NULL,
  `lft` int(10) DEFAULT NULL,
  `rght` int(10) DEFAULT NULL,
  PRIMARY KEY (`id`)
) ENGINE=MyISAM  DEFAULT CHARSET=latin1 AUTO_INCREMENT=371 ;

--
-- Dumping data for table `acos`
--

INSERT INTO `acos` (`id`, `parent_id`, `model`, `foreign_key`, `alias`, `lft`, `rght`) VALUES
(1, 0, 'EventGroup', 1, NULL, 1, 2),
(171, 16, 'Event', 154, NULL, 27, 28),
(172, 16, 'Event', 155, NULL, 29, 30),
(173, 16, 'Event', 156, NULL, 31, 32),
(174, 16, 'Event', 157, NULL, 33, 34),
(175, 16, 'EventGroup', 18, NULL, 35, 36),
(7, NULL, 'EventGroup', 7, NULL, 3, 370),
(8, 7, 'Event', 1, NULL, 4, 5),
(9, 7, 'Event', 2, NULL, 6, 7),
(10, 7, 'Event', 3, NULL, 8, 9),
(11, 7, 'Event', 4, NULL, 10, 11),
(12, 7, 'Event', 5, NULL, 12, 13),
(13, 7, 'Event', 6, NULL, 14, 15),
(14, 7, 'Event', 7, NULL, 16, 17),
(15, 7, 'Event', 8, NULL, 18, 19),
(16, 7, 'Event', 9, NULL, 20, 39),
(162, NULL, 'EventGroup', 11, NULL, 373, 374),
(18, 7, 'Event', 11, NULL, 40, 41),
(19, 7, 'Event', 12, NULL, 42, 57),
(21, 7, 'Event', 14, NULL, 58, 59),
(22, 7, 'Event', 15, NULL, 60, 61),
(23, 7, 'Event', 16, NULL, 62, 63),
(24, 7, 'Event', 17, NULL, 64, 65),
(25, 7, 'Event', 18, NULL, 66, 67),
(26, 7, 'Event', 19, NULL, 68, 75),
(27, 7, 'Event', 20, NULL, 76, 81),
(28, 7, 'Event', 21, NULL, 82, 83),
(29, 7, 'Event', 22, NULL, 84, 89),
(30, 7, 'Event', 23, NULL, 90, 97),
(31, 7, 'Event', 24, NULL, 98, 113),
(32, 7, 'Event', 25, NULL, 114, 117),
(33, 7, 'Event', 26, NULL, 118, 121),
(34, 7, 'Event', 27, NULL, 122, 127),
(35, 7, 'Event', 28, NULL, 128, 131),
(36, 7, 'Event', 29, NULL, 132, 143),
(37, 7, 'Event', 30, NULL, 144, 145),
(38, 7, 'Event', 31, NULL, 146, 147),
(39, 7, 'Event', 32, NULL, 148, 149),
(40, 7, 'Event', 33, NULL, 150, 151),
(41, 7, 'Event', 34, NULL, 152, 153),
(42, 7, 'Event', 35, NULL, 154, 155),
(43, 7, 'Event', 36, NULL, 156, 157),
(44, 7, 'Event', 37, NULL, 158, 159),
(45, 7, 'Event', 38, NULL, 160, 163),
(46, 7, 'Event', 39, NULL, 164, 169),
(47, 7, 'Event', 40, NULL, 170, 171),
(48, 7, 'Event', 41, NULL, 172, 177),
(49, 7, 'Event', 42, NULL, 178, 179),
(50, 7, 'Event', 43, NULL, 180, 181),
(51, 7, 'Event', 44, NULL, 182, 183),
(52, 7, 'Event', 45, NULL, 184, 185),
(53, 7, 'Event', 46, NULL, 186, 187),
(54, 7, 'Event', 47, NULL, 188, 189),
(55, 7, 'Event', 48, NULL, 190, 191),
(56, 7, 'Event', 49, NULL, 192, 193),
(57, 7, 'Event', 50, NULL, 194, 195),
(58, 7, 'Event', 51, NULL, 196, 197),
(59, 7, 'Event', 52, NULL, 198, 199),
(60, 7, 'Event', 53, NULL, 200, 201),
(61, 7, 'Event', 54, NULL, 202, 203),
(62, 7, 'Event', 55, NULL, 204, 205),
(63, 7, 'Event', 56, NULL, 206, 207),
(64, 7, 'Event', 57, NULL, 208, 209),
(65, 7, 'Event', 58, NULL, 210, 211),
(66, 7, 'Event', 59, NULL, 212, 213),
(67, 7, 'Event', 60, NULL, 214, 215),
(249, 242, 'Event', 190, NULL, 446, 447),
(248, 242, 'Event', 189, NULL, 444, 445),
(247, 246, 'Event', 188, NULL, 441, 442),
(71, 7, 'Event', 64, NULL, 216, 217),
(253, 242, 'Event', 192, NULL, 452, 453),
(73, 7, 'Event', 66, NULL, 218, 219),
(74, 7, 'Event', 67, NULL, 220, 221),
(259, 242, 'Event', 195, NULL, 464, 465),
(78, 7, 'Event', 71, NULL, 222, 223),
(79, 7, 'Event', 72, NULL, 224, 225),
(80, 7, 'Event', 73, NULL, 226, 227),
(81, 7, 'Event', 74, NULL, 228, 229),
(283, NULL, 'EventGroup', 76, NULL, 517, 518),
(83, 7, 'Event', 76, NULL, 230, 231),
(84, 7, 'Event', 77, NULL, 232, 233),
(85, 7, 'Event', 78, NULL, 234, 235),
(86, 7, 'Event', 79, NULL, 236, 237),
(87, 7, 'Event', 80, NULL, 238, 239),
(88, 7, 'Event', 81, NULL, 240, 241),
(89, 7, 'Event', 82, NULL, 242, 243),
(90, 7, 'Event', 83, NULL, 244, 245),
(91, 7, 'Event', 84, NULL, 246, 247),
(92, 7, 'Event', 85, NULL, 248, 249),
(93, 7, 'Event', 86, NULL, 250, 251),
(94, 7, 'Event', 87, NULL, 252, 253),
(95, 7, 'Event', 88, NULL, 254, 255),
(96, 7, 'Event', 89, NULL, 256, 257),
(97, 7, 'Event', 90, NULL, 258, 259),
(98, 7, 'Event', 91, NULL, 260, 261),
(99, 7, 'Event', 92, NULL, 262, 263),
(100, 7, 'Event', 93, NULL, 264, 265),
(101, 7, 'Event', 94, NULL, 266, 267),
(102, 7, 'Event', 95, NULL, 268, 269),
(103, 7, 'Event', 96, NULL, 270, 271),
(104, 7, 'Event', 97, NULL, 272, 273),
(105, 7, 'Event', 98, NULL, 274, 275),
(106, 7, 'Event', 99, NULL, 276, 277),
(107, 7, 'Event', 100, NULL, 278, 279),
(108, 7, 'Event', 101, NULL, 280, 281),
(109, 7, 'Event', 102, NULL, 282, 283),
(110, 7, 'Event', 103, NULL, 284, 285),
(111, 7, 'Event', 104, NULL, 286, 287),
(112, 7, 'Event', 105, NULL, 288, 289),
(113, 7, 'Event', 106, NULL, 290, 291),
(114, 7, 'Event', 107, NULL, 292, 293),
(115, 7, 'Event', 108, NULL, 294, 295),
(116, 7, 'Event', 109, NULL, 296, 297),
(117, 7, 'Event', 110, NULL, 298, 299),
(118, 7, 'Event', 111, NULL, 300, 301),
(119, 7, 'Event', 112, NULL, 302, 303),
(120, 7, 'Event', 113, NULL, 304, 305),
(121, 7, 'Event', 114, NULL, 306, 307),
(122, 7, 'Event', 115, NULL, 308, 309),
(123, 7, 'Event', 116, NULL, 310, 311),
(124, 7, 'Event', 117, NULL, 312, 313),
(125, 7, 'Event', 118, NULL, 314, 315),
(126, 7, 'Event', 119, NULL, 316, 317),
(127, 7, 'Event', 120, NULL, 318, 319),
(128, 7, 'Event', 121, NULL, 320, 321),
(129, 7, 'Event', 122, NULL, 322, 323),
(130, 7, 'Event', 123, NULL, 324, 325),
(131, 7, 'Event', 124, NULL, 326, 327),
(132, 7, 'Event', 125, NULL, 328, 329),
(133, 7, 'Event', 126, NULL, 330, 331),
(134, 7, 'Event', 127, NULL, 332, 333),
(135, 7, 'Event', 128, NULL, 334, 335),
(136, 7, 'Event', 129, NULL, 336, 337),
(137, 7, 'Event', 130, NULL, 338, 339),
(138, 7, 'Event', 131, NULL, 340, 341),
(139, 7, 'Event', 132, NULL, 342, 343),
(140, 7, 'Event', 133, NULL, 344, 345),
(141, 7, 'Event', 134, NULL, 346, 347),
(142, 7, 'Event', 135, NULL, 348, 349),
(143, 7, 'Event', 136, NULL, 350, 351),
(144, 7, 'Event', 137, NULL, 352, 353),
(145, 7, 'Event', 138, NULL, 354, 355),
(146, 7, 'Event', 139, NULL, 356, 357),
(147, 7, 'Event', 140, NULL, 358, 359),
(148, 7, 'Event', 141, NULL, 360, 361),
(149, 7, 'Event', 142, NULL, 362, 363),
(183, NULL, 'EventGroup', 21, NULL, 381, 382),
(152, 7, 'EventGroup', 8, NULL, 364, 365),
(153, 7, 'Event', 145, NULL, 366, 367),
(154, NULL, 'EventGroup', 9, NULL, 371, 372),
(155, 16, 'Event', 146, NULL, 21, 22),
(156, 16, 'Event', 147, NULL, 23, 24),
(157, 16, 'Event', 148, NULL, 25, 26),
(182, NULL, 'EventGroup', 20, NULL, 379, 380),
(181, 26, 'Event', 162, NULL, 73, 74),
(180, 26, 'Event', 161, NULL, 71, 72),
(163, NULL, 'EventGroup', 12, NULL, 375, 376),
(164, 19, 'EventGroup', 13, NULL, 43, 44),
(179, 26, 'Event', 160, NULL, 69, 70),
(178, NULL, 'EventGroup', 19, NULL, 377, 378),
(177, 7, 'Event', 159, NULL, 368, 369),
(176, 16, 'Event', 158, NULL, 37, 38),
(184, NULL, 'EventGroup', 22, NULL, 383, 384),
(185, 29, 'EventGroup', 23, NULL, 85, 86),
(186, 30, 'Event', 163, NULL, 91, 92),
(187, 30, 'Event', 164, NULL, 93, 94),
(188, 30, 'Event', 165, NULL, 95, 96),
(189, NULL, 'EventGroup', 24, NULL, 385, 386),
(190, 31, 'EventGroup', 25, NULL, 99, 100),
(191, 32, 'Event', 166, NULL, 115, 116),
(192, 31, 'Event', 167, NULL, 101, 102),
(193, 31, 'Event', 169, NULL, 103, 104),
(194, 31, 'EventGroup', 26, NULL, 105, 106),
(195, 33, 'Event', 174, NULL, 119, 120),
(196, 31, 'Event', 175, NULL, 107, 108),
(197, 31, 'Event', 176, NULL, 109, 110),
(198, 31, 'Event', 177, NULL, 111, 112),
(199, NULL, 'EventGroup', 27, NULL, 387, 388),
(200, 34, 'EventGroup', 28, NULL, 123, 124),
(201, 34, 'Event', 178, NULL, 125, 126),
(202, 27, 'Event', 179, NULL, 77, 78),
(203, 27, 'Event', 180, NULL, 79, 80),
(204, 35, 'Event', 181, NULL, 129, 130),
(205, 29, 'EventGroup', 29, NULL, 87, 88),
(206, 36, 'EventGroup', 30, NULL, 133, 134),
(207, 36, 'Event', 182, NULL, 135, 136),
(208, 36, 'Event', 183, NULL, 137, 138),
(209, 36, 'Event', 184, NULL, 139, 140),
(210, 36, 'Event', 185, NULL, 141, 142),
(211, 19, 'EventGroup', 31, NULL, 45, 46),
(212, 19, 'EventGroup', 32, NULL, 47, 48),
(213, 19, 'EventGroup', 33, NULL, 49, 50),
(214, 19, 'EventGroup', 34, NULL, 51, 52),
(215, 19, 'EventGroup', 35, NULL, 53, 54),
(216, 19, 'EventGroup', 36, NULL, 55, 56),
(217, NULL, 'EventGroup', 37, NULL, 389, 390),
(218, NULL, 'EventGroup', 38, NULL, 391, 392),
(219, 45, 'EventGroup', 39, NULL, 161, 162),
(220, 46, 'EventGroup', 40, NULL, 165, 166),
(221, 46, 'Event', 186, NULL, 167, 168),
(222, NULL, 'EventGroup', 41, NULL, 393, 394),
(223, 48, 'Event', 187, NULL, 173, 174),
(224, 48, 'EventGroup', 42, NULL, 175, 176),
(225, NULL, 'EventGroup', 43, NULL, 395, 400),
(226, 225, 'EventGroup', 44, NULL, 396, 399),
(227, 226, 'EventGroup', 45, NULL, 397, 398),
(228, NULL, 'EventGroup', 46, NULL, 401, 408),
(229, 228, 'EventGroup', 47, NULL, 402, 407),
(230, 229, 'EventGroup', 48, NULL, 403, 404),
(231, 229, 'EventGroup', 49, NULL, 405, 406),
(232, NULL, 'EventGroup', 50, NULL, 409, 414),
(233, 232, 'EventGroup', 51, NULL, 410, 411),
(234, 232, 'EventGroup', 52, NULL, 412, 413),
(235, NULL, 'EventGroup', 53, NULL, 415, 432),
(236, 235, 'EventGroup', 54, NULL, 416, 429),
(237, 236, 'EventGroup', 55, NULL, 417, 418),
(238, 236, 'EventGroup', 56, NULL, 419, 420),
(239, 236, 'EventGroup', 57, NULL, 421, 424),
(240, 239, 'EventGroup', 58, NULL, 422, 423),
(241, 235, 'EventGroup', 59, NULL, 430, 431),
(242, NULL, 'EventGroup', 60, NULL, 433, 488),
(243, 242, 'EventGroup', 61, NULL, 434, 435),
(244, 242, 'EventGroup', 62, NULL, 436, 437),
(245, 242, 'EventGroup', 63, NULL, 438, 439),
(246, 242, 'EventGroup', 64, NULL, 440, 443),
(250, 242, 'EventGroup', 65, NULL, 448, 449),
(252, 242, 'Event', 191, NULL, 450, 451),
(254, 242, 'Event', 193, NULL, 454, 455),
(255, 242, 'EventGroup', 67, NULL, 456, 457),
(256, 242, 'EventGroup', 68, NULL, 458, 461),
(257, 256, 'Event', 194, NULL, 459, 460),
(258, 242, 'EventGroup', 69, NULL, 462, 463),
(260, 242, 'Event', 196, NULL, 466, 467),
(261, 242, 'Event', 197, NULL, 468, 469),
(262, 242, 'Event', 198, NULL, 470, 471),
(263, 242, 'Event', 199, NULL, 472, 473),
(264, 242, 'Event', 200, NULL, 474, 475),
(265, 242, 'Event', 201, NULL, 476, 477),
(266, 242, 'Event', 202, NULL, 478, 479),
(267, 242, 'Event', 203, NULL, 480, 481),
(268, 242, 'Event', 204, NULL, 482, 483),
(269, 242, 'Event', 205, NULL, 484, 485),
(270, 236, 'Event', 206, NULL, 425, 426),
(271, 236, 'Event', 207, NULL, 427, 428),
(272, 242, 'Event', 208, NULL, 486, 487),
(273, NULL, 'EventGroup', 70, NULL, 489, 490),
(275, NULL, 'EventGroup', 72, NULL, 491, 514),
(276, 275, 'EventGroup', 73, NULL, 492, 499),
(277, 275, 'Event', 209, NULL, 500, 501),
(278, 276, 'Event', 210, NULL, 493, 494),
(279, 276, 'EventGroup', 74, NULL, 495, 498),
(280, 279, 'Event', 211, NULL, 496, 497),
(281, 275, 'Event', 212, NULL, 502, 503),
(282, NULL, 'EventGroup', 75, NULL, 515, 516),
(284, 275, 'Event', 213, NULL, 504, 505),
(285, 275, 'Event', 214, NULL, 506, 507),
(286, 275, 'Event', 215, NULL, 508, 509),
(287, 275, 'Event', 216, NULL, 510, 511),
(288, 275, 'Event', 217, NULL, 512, 513),
(289, NULL, 'EventGroup', 77, NULL, 519, 532),
(290, 289, 'Event', 218, NULL, 520, 521),
(291, 289, 'EventGroup', 78, NULL, 522, 531),
(292, 291, 'Event', 219, NULL, 523, 524),
(293, 291, 'EventGroup', 79, NULL, 525, 530),
(294, 293, 'Event', 220, NULL, 526, 527),
(295, 293, 'Event', 221, NULL, 528, 529),
(296, NULL, 'EventGroup', 80, NULL, 533, 534),
(297, NULL, 'EventGroup', 81, NULL, 535, 538),
(298, 297, 'Event', 222, NULL, 536, 537),
(299, NULL, 'EventGroup', 82, NULL, 539, 540),
(300, NULL, 'EventGroup', 83, NULL, 541, 542),
(301, NULL, 'EventGroup', 84, NULL, 543, 544),
(302, NULL, 'EventGroup', 85, NULL, 545, 548),
(303, NULL, 'EventGroup', 86, NULL, 549, 550),
(304, NULL, 'EventGroup', 87, NULL, 551, 552),
(305, NULL, 'EventGroup', 88, NULL, 553, 554),
(306, 302, 'EventGroup', 89, NULL, 546, 547),
(307, NULL, 'EventGroup', 90, NULL, 555, 558),
(308, 307, 'EventGroup', 91, NULL, 556, 557),
(309, NULL, 'EventGroup', 92, NULL, 559, 560),
(310, NULL, 'EventGroup', 93, NULL, 561, 562),
(311, NULL, 'EventGroup', 94, NULL, 563, 564),
(312, NULL, 'EventGroup', 95, NULL, 565, 566),
(313, NULL, 'EventGroup', 96, NULL, 567, 568),
(314, NULL, 'EventGroup', 97, NULL, 569, 676),
(315, 314, 'EventGroup', 98, NULL, 570, 581),
(316, NULL, 'EventGroup', 99, NULL, 677, 682),
(317, 316, 'Event', 223, NULL, 678, 679),
(318, 316, 'Event', 224, NULL, 680, 681),
(319, 315, 'Event', 225, NULL, 571, 572),
(320, 315, 'Event', 226, NULL, 573, 574),
(321, 315, 'Event', 227, NULL, 575, 576),
(322, 315, 'Event', 228, NULL, 577, 578),
(323, 315, 'Event', 229, NULL, 579, 580),
(324, 314, 'EventGroup', 100, NULL, 582, 607),
(325, 324, 'Event', 230, NULL, 583, 584),
(326, 324, 'Event', 231, NULL, 585, 586),
(327, 324, 'Event', 232, NULL, 587, 588),
(328, 324, 'Event', 233, NULL, 589, 590),
(329, 324, 'Event', 234, NULL, 591, 592),
(330, 324, 'Event', 235, NULL, 593, 594),
(331, 324, 'Event', 236, NULL, 595, 596),
(332, 324, 'Event', 237, NULL, 597, 598),
(333, 324, 'Event', 238, NULL, 599, 600),
(334, 324, 'Event', 239, NULL, 601, 602),
(335, 324, 'Event', 240, NULL, 603, 604),
(336, 324, 'Event', 241, NULL, 605, 606),
(337, 314, 'EventGroup', 101, NULL, 608, 631),
(338, 337, 'Event', 242, NULL, 609, 610),
(339, 337, 'Event', 243, NULL, 611, 612),
(340, 337, 'Event', 244, NULL, 613, 614),
(341, 337, 'Event', 245, NULL, 615, 616),
(342, 337, 'Event', 246, NULL, 617, 618),
(343, 337, 'Event', 247, NULL, 619, 620),
(344, 337, 'Event', 248, NULL, 621, 622),
(345, 337, 'Event', 249, NULL, 623, 624),
(346, 337, 'Event', 250, NULL, 625, 626),
(347, 337, 'Event', 251, NULL, 627, 628),
(348, 337, 'Event', 252, NULL, 629, 630),
(349, 314, 'EventGroup', 102, NULL, 632, 641),
(350, 349, 'Event', 253, NULL, 633, 634),
(351, 349, 'Event', 254, NULL, 635, 636),
(352, 349, 'Event', 255, NULL, 637, 638),
(353, 349, 'Event', 256, NULL, 639, 640),
(354, 314, 'EventGroup', 103, NULL, 642, 675),
(355, 354, 'Event', 257, NULL, 643, 644),
(356, 354, 'Event', 258, NULL, 645, 646),
(357, 354, 'Event', 259, NULL, 647, 648),
(358, 354, 'Event', 260, NULL, 649, 650),
(359, 354, 'Event', 261, NULL, 651, 652),
(360, 354, 'Event', 262, NULL, 653, 654),
(361, 354, 'Event', 263, NULL, 655, 656),
(362, 354, 'Event', 264, NULL, 657, 658),
(363, 354, 'Event', 265, NULL, 659, 660),
(364, 354, 'Event', 266, NULL, 661, 662),
(365, 354, 'Event', 267, NULL, 663, 664),
(366, 354, 'Event', 268, NULL, 665, 666),
(367, 354, 'Event', 269, NULL, 667, 668),
(368, 354, 'Event', 270, NULL, 669, 670),
(369, 354, 'Event', 271, NULL, 671, 672),
(370, 354, 'Event', 272, NULL, 673, 674);

-- --------------------------------------------------------

--
-- Table structure for table `aros`
--

CREATE TABLE IF NOT EXISTS `aros` (
  `id` int(10) NOT NULL AUTO_INCREMENT,
  `parent_id` int(10) DEFAULT NULL,
  `model` varchar(255) DEFAULT NULL,
  `foreign_key` int(10) DEFAULT NULL,
  `alias` varchar(255) DEFAULT NULL,
  `lft` int(10) DEFAULT NULL,
  `rght` int(10) DEFAULT NULL,
  PRIMARY KEY (`id`)
) ENGINE=MyISAM  DEFAULT CHARSET=latin1 AUTO_INCREMENT=35 ;

--
-- Dumping data for table `aros`
--

INSERT INTO `aros` (`id`, `parent_id`, `model`, `foreign_key`, `alias`, `lft`, `rght`) VALUES
(1, 0, 'User', 5, NULL, 1, 62),
(2, 1, 'User', 6, NULL, 2, 3),
(3, 1, 'User', 7, NULL, 4, 5),
(4, 1, 'User', 8, NULL, 6, 7),
(5, 1, 'User', 9, NULL, 8, 9),
(6, 1, 'User', 10, NULL, 10, 11),
(7, 1, 'User', 11, NULL, 12, 13),
(8, 1, 'User', 12, NULL, 14, 15),
(9, 1, 'User', 13, NULL, 16, 17),
(10, 1, 'User', 14, NULL, 18, 19),
(11, 1, 'User', 15, NULL, 20, 21),
(15, 1, 'User', 19, NULL, 22, 23),
(16, 1, 'User', 20, NULL, 24, 25),
(17, 1, 'User', 21, NULL, 26, 27),
(18, 1, 'User', 22, NULL, 28, 29),
(19, 1, 'User', 23, NULL, 30, 31),
(20, 1, 'User', 24, NULL, 32, 33),
(21, 1, 'User', 25, NULL, 34, 35),
(22, 1, 'User', 26, NULL, 36, 37),
(23, 1, 'User', 27, NULL, 38, 39),
(24, 1, 'User', 28, NULL, 40, 41),
(25, 1, 'User', 29, NULL, 42, 43),
(26, 1, 'User', 30, NULL, 44, 45),
(27, 1, 'User', 31, NULL, 46, 47),
(28, 1, 'User', 32, NULL, 48, 49),
(29, 1, 'User', 33, NULL, 50, 51),
(30, 1, 'User', 34, NULL, 52, 53),
(31, 1, 'User', 35, NULL, 54, 55),
(32, 1, 'User', 36, NULL, 56, 57),
(33, 1, 'User', 37, NULL, 58, 59),
(34, 1, 'User', 38, NULL, 60, 61);

-- --------------------------------------------------------

--
-- Table structure for table `aros_acos`
--

CREATE TABLE IF NOT EXISTS `aros_acos` (
  `id` int(10) NOT NULL AUTO_INCREMENT,
  `aro_id` int(10) NOT NULL,
  `aco_id` int(10) NOT NULL,
  `_create` varchar(2) NOT NULL DEFAULT '0',
  `_read` varchar(2) NOT NULL DEFAULT '0',
  `_update` varchar(2) NOT NULL DEFAULT '0',
  `_delete` varchar(2) NOT NULL DEFAULT '0',
  `_editperms` varchar(2) NOT NULL DEFAULT '0',
  PRIMARY KEY (`id`),
  UNIQUE KEY `ARO_ACO_KEY` (`aro_id`,`aco_id`)
) ENGINE=MyISAM  DEFAULT CHARSET=latin1 AUTO_INCREMENT=249 ;

--
-- Dumping data for table `aros_acos`
--

INSERT INTO `aros_acos` (`id`, `aro_id`, `aco_id`, `_create`, `_read`, `_update`, `_delete`, `_editperms`) VALUES
(56, 6, 178, '1', '1', '1', '1', '1'),
(51, 2, 175, '1', '1', '1', '1', '1'),
(52, 1, 175, '0', '1', '0', '0', '0'),
(53, 5, 154, '1', '0', '0', '0', '0'),
(54, 5, 176, '1', '1', '1', '1', '1'),
(55, 2, 177, '1', '1', '1', '1', '1'),
(64, 2, 183, '1', '1', '1', '1', '1'),
(11, 2, 7, '1', '1', '1', '1', '1'),
(12, 1, 7, '0', '1', '0', '0', '0'),
(65, 1, 183, '0', '1', '0', '0', '0'),
(63, 1, 182, '0', '1', '0', '0', '0'),
(15, 2, 152, '1', '1', '1', '1', '1'),
(16, 1, 152, '0', '1', '0', '0', '0'),
(17, 2, 153, '1', '1', '1', '1', '1'),
(18, 2, 154, '1', '1', '1', '1', '1'),
(19, 1, 154, '0', '1', '0', '0', '0'),
(20, 2, 155, '1', '1', '1', '1', '1'),
(21, 2, 156, '1', '1', '1', '1', '1'),
(22, 2, 157, '1', '1', '1', '1', '1'),
(50, 2, 174, '1', '1', '1', '1', '1'),
(47, 2, 171, '1', '1', '1', '1', '1'),
(48, 2, 172, '1', '1', '1', '1', '1'),
(49, 2, 173, '1', '1', '1', '1', '1'),
(29, 3, 162, '1', '1', '1', '1', '1'),
(30, 1, 162, '0', '1', '0', '0', '0'),
(31, 2, 162, '1', '0', '0', '0', '0'),
(32, 3, 163, '1', '1', '1', '1', '1'),
(33, 1, 163, '0', '1', '0', '0', '0'),
(34, 3, 164, '1', '1', '1', '1', '1'),
(35, 1, 164, '0', '1', '0', '0', '0'),
(36, 2, 164, '1', '0', '0', '0', '0'),
(62, 2, 182, '1', '1', '1', '1', '1'),
(61, 7, 154, '1', '0', '0', '0', '0'),
(60, 6, 181, '1', '1', '1', '1', '1'),
(59, 6, 180, '1', '1', '1', '1', '1'),
(58, 6, 179, '1', '1', '1', '1', '1'),
(57, 1, 178, '0', '1', '0', '0', '0'),
(66, 2, 184, '1', '1', '1', '1', '1'),
(67, 1, 184, '0', '1', '0', '0', '0'),
(68, 2, 185, '1', '1', '1', '1', '1'),
(69, 1, 185, '0', '1', '0', '0', '0'),
(70, 2, 186, '1', '1', '1', '1', '1'),
(71, 2, 187, '1', '1', '1', '1', '1'),
(72, 2, 188, '1', '1', '1', '1', '1'),
(73, 8, 189, '1', '1', '1', '1', '1'),
(74, 1, 189, '0', '1', '0', '0', '0'),
(75, 8, 190, '1', '1', '1', '1', '1'),
(76, 1, 190, '0', '1', '0', '0', '0'),
(77, 8, 191, '1', '1', '1', '1', '1'),
(78, 8, 192, '1', '1', '1', '1', '1'),
(79, 8, 193, '1', '1', '1', '1', '1'),
(80, 8, 194, '1', '1', '1', '1', '1'),
(81, 1, 194, '0', '1', '0', '0', '0'),
(82, 8, 195, '1', '1', '1', '1', '1'),
(83, 8, 196, '1', '1', '1', '1', '1'),
(84, 8, 197, '1', '1', '1', '1', '1'),
(85, 8, 198, '1', '1', '1', '1', '1'),
(86, 2, 199, '1', '1', '1', '1', '1'),
(87, 1, 199, '0', '1', '0', '0', '0'),
(88, 2, 200, '1', '1', '1', '1', '1'),
(89, 1, 200, '0', '1', '0', '0', '0'),
(90, 2, 201, '1', '1', '1', '1', '1'),
(91, 2, 202, '1', '1', '1', '1', '1'),
(92, 2, 203, '1', '1', '1', '1', '1'),
(93, 2, 204, '1', '1', '1', '1', '1'),
(94, 2, 205, '1', '1', '1', '1', '1'),
(95, 1, 205, '0', '1', '0', '0', '0'),
(96, 3, 205, '1', '0', '0', '0', '0'),
(103, 3, 206, '1', '0', '0', '0', '0'),
(98, 1, 206, '0', '1', '0', '0', '0'),
(99, 3, 207, '1', '1', '1', '1', '1'),
(100, 3, 208, '1', '1', '1', '1', '1'),
(101, 3, 209, '1', '1', '1', '1', '1'),
(102, 3, 210, '1', '1', '1', '1', '1'),
(104, 9, 184, '1', '0', '0', '0', '0'),
(105, 3, 211, '1', '1', '1', '1', '1'),
(106, 1, 211, '0', '1', '0', '0', '0'),
(134, 1, 214, '0', '1', '0', '0', '0'),
(109, 3, 212, '1', '1', '1', '1', '1'),
(110, 1, 212, '0', '1', '0', '0', '0'),
(113, 3, 213, '1', '1', '1', '1', '1'),
(114, 1, 213, '0', '1', '0', '0', '0'),
(123, 10, 163, '1', '0', '0', '0', '0'),
(116, 15, 163, '1', '0', '0', '0', '0'),
(133, 8, 214, '1', '1', '1', '1', '1'),
(119, 8, 163, '1', '0', '0', '0', '0'),
(135, 8, 215, '1', '1', '1', '1', '1'),
(136, 1, 215, '0', '1', '0', '0', '0'),
(137, 8, 216, '1', '1', '1', '1', '1'),
(138, 1, 216, '0', '1', '0', '0', '0'),
(139, 8, 217, '1', '1', '1', '1', '1'),
(140, 1, 217, '0', '1', '0', '0', '0'),
(141, 3, 218, '1', '1', '1', '1', '1'),
(142, 1, 218, '0', '1', '0', '0', '0'),
(143, 3, 219, '1', '1', '1', '1', '1'),
(144, 1, 219, '0', '1', '0', '0', '0'),
(145, 18, 219, '1', '0', '0', '0', '0'),
(146, 19, 219, '1', '0', '0', '0', '0'),
(147, 10, 219, '1', '0', '0', '0', '0'),
(148, 10, 220, '1', '1', '1', '1', '1'),
(149, 1, 220, '0', '1', '0', '0', '0'),
(150, 10, 221, '1', '1', '1', '1', '1'),
(151, 3, 222, '1', '1', '1', '1', '1'),
(152, 1, 222, '0', '1', '0', '0', '0'),
(153, 10, 222, '1', '0', '0', '0', '0'),
(154, 10, 223, '1', '1', '1', '1', '1'),
(155, 10, 224, '1', '1', '1', '1', '1'),
(156, 1, 224, '0', '1', '0', '0', '0'),
(157, 3, 225, '1', '1', '1', '1', '1'),
(158, 1, 225, '0', '1', '0', '0', '0'),
(159, 3, 226, '1', '1', '1', '1', '1'),
(160, 1, 226, '0', '1', '0', '0', '0'),
(161, 10, 226, '1', '0', '0', '0', '0'),
(162, 10, 227, '1', '1', '1', '1', '1'),
(163, 1, 227, '0', '1', '0', '0', '0'),
(164, 3, 228, '1', '1', '1', '1', '1'),
(165, 1, 228, '0', '1', '0', '0', '0'),
(166, 10, 229, '1', '0', '0', '0', '0'),
(167, 10, 231, '1', '1', '1', '1', '1'),
(168, 1, 231, '0', '1', '0', '0', '0'),
(169, 3, 232, '1', '1', '1', '1', '1'),
(170, 1, 232, '0', '1', '0', '0', '0'),
(171, 3, 233, '1', '1', '1', '1', '1'),
(172, 1, 233, '0', '1', '0', '0', '0'),
(173, 3, 235, '1', '1', '1', '1', '1'),
(174, 1, 235, '0', '1', '0', '0', '0'),
(179, 10, 239, '1', '1', '1', '1', '1'),
(178, 10, 236, '1', '0', '0', '0', '0'),
(177, 1, 237, '0', '1', '0', '0', '0'),
(180, 1, 239, '0', '1', '0', '0', '0'),
(181, 3, 242, '1', '1', '1', '1', '1'),
(182, 1, 242, '0', '1', '0', '0', '0'),
(183, 10, 242, '1', '0', '0', '0', '0'),
(184, 10, 244, '1', '1', '1', '1', '1'),
(185, 1, 244, '0', '1', '0', '0', '0'),
(186, 10, 246, '1', '1', '1', '1', '1'),
(187, 1, 246, '0', '1', '0', '0', '0'),
(188, 10, 247, '1', '1', '1', '1', '1'),
(189, 10, 248, '1', '1', '1', '1', '1'),
(190, 3, 249, '1', '1', '1', '1', '1'),
(191, 3, 250, '1', '1', '1', '1', '1'),
(193, 10, 252, '1', '1', '1', '1', '1'),
(194, 10, 253, '1', '1', '1', '1', '1'),
(195, 3, 254, '1', '1', '1', '1', '1'),
(196, 10, 255, '1', '1', '1', '1', '1'),
(197, 3, 256, '1', '1', '1', '1', '1'),
(198, 10, 257, '1', '1', '1', '1', '1'),
(199, 20, 273, '1', '1', '1', '1', '1'),
(201, 20, 275, '1', '1', '1', '1', '1'),
(202, 20, 282, '1', '1', '1', '1', '1'),
(203, 1, 282, '0', '1', '0', '0', '0'),
(204, 20, 283, '1', '1', '1', '1', '1'),
(205, 1, 283, '0', '1', '0', '0', '0'),
(206, 3, 275, '1', '0', '0', '0', '0'),
(207, 21, 275, '1', '0', '0', '0', '0'),
(208, 22, 283, '1', '0', '0', '0', '0'),
(209, 23, 283, '1', '0', '0', '0', '0'),
(210, 24, 289, '1', '1', '1', '1', '1'),
(211, 1, 289, '0', '1', '0', '0', '0'),
(212, 25, 293, '1', '0', '0', '0', '0'),
(213, 2, 296, '1', '1', '1', '1', '1'),
(214, 1, 296, '0', '1', '0', '0', '0'),
(215, 26, 297, '1', '1', '1', '1', '1'),
(216, 1, 297, '0', '1', '0', '0', '0'),
(217, 27, 299, '1', '1', '1', '1', '1'),
(218, 1, 299, '0', '1', '0', '0', '0'),
(219, 28, 300, '1', '1', '1', '1', '1'),
(220, 1, 300, '0', '1', '0', '0', '0'),
(221, 28, 301, '1', '1', '1', '1', '1'),
(222, 1, 301, '0', '1', '0', '0', '0'),
(223, 29, 302, '1', '1', '1', '1', '1'),
(224, 1, 302, '0', '1', '0', '0', '0'),
(225, 29, 303, '1', '1', '1', '1', '1'),
(226, 1, 303, '0', '1', '0', '0', '0'),
(227, 29, 304, '1', '1', '1', '1', '1'),
(228, 1, 304, '0', '1', '0', '0', '0'),
(229, 29, 305, '1', '1', '1', '1', '1'),
(230, 1, 305, '0', '1', '0', '0', '0'),
(231, 29, 283, '1', '0', '0', '0', '0'),
(232, 30, 307, '1', '1', '1', '1', '1'),
(233, 1, 307, '0', '1', '0', '0', '0'),
(234, 29, 308, '1', '0', '0', '0', '0'),
(235, 31, 309, '1', '1', '1', '1', '1'),
(236, 1, 309, '0', '1', '0', '0', '0'),
(237, 20, 310, '1', '1', '1', '1', '1'),
(238, 1, 310, '0', '1', '0', '0', '0'),
(239, 20, 311, '1', '1', '1', '1', '1'),
(240, 1, 311, '0', '1', '0', '0', '0'),
(241, 20, 312, '1', '1', '1', '1', '1'),
(242, 1, 312, '0', '1', '0', '0', '0'),
(243, 20, 313, '1', '1', '1', '1', '1'),
(244, 1, 313, '0', '1', '0', '0', '0'),
(245, 33, 314, '1', '1', '1', '1', '1'),
(246, 1, 314, '0', '1', '0', '0', '0'),
(247, 32, 316, '1', '1', '1', '1', '1'),
(248, 1, 316, '0', '1', '0', '0', '0');

-- --------------------------------------------------------

--
-- Table structure for table `category_choices`
--

CREATE TABLE IF NOT EXISTS `category_choices` (
  `id` int(10) NOT NULL AUTO_INCREMENT,
  `name` text NOT NULL,
  `event_group_id` int(10) NOT NULL,
  PRIMARY KEY (`id`)
) ENGINE=MyISAM  DEFAULT CHARSET=latin1 AUTO_INCREMENT=92 ;

--
-- Dumping data for table `category_choices`
--

INSERT INTO `category_choices` (`id`, `name`, `event_group_id`) VALUES
(38, ' Information', 19),
(37, ' Tours', 19),
(3, 'Food\r', 7),
(4, 'Fun', 7),
(5, 'Food', 9),
(6, ' Fun', 9),
(7, ' noobs', 9),
(12, 'Food', 11),
(13, ' Tours', 11),
(14, ' Information', 11),
(15, 'Food', 12),
(16, ' Tours', 12),
(17, ' Information', 12),
(36, 'Food', 19),
(67, '   Tours', 20),
(66, '  Food', 20),
(65, '   Information', 20),
(49, '  Tours', 21),
(48, 'Food', 21),
(50, '  Information', 21),
(54, 'Food', 22),
(55, ' Tours', 22),
(56, ' Information', 22),
(57, 'Food', 24),
(58, ' Tours', 24),
(59, ' Information', 24),
(71, 'Othertag', 27),
(70, 'Information', 27),
(69, 'Tours', 27),
(68, 'Food', 27),
(72, 'with space', 27),
(73, 'lots of space', 27),
(74, 'Food', 29),
(75, 'Tours', 29),
(76, 'Information', 29),
(85, 'Food', 30),
(84, 'Tours', 30),
(83, 'Information', 30),
(86, 'Food', 31),
(87, 'Tours', 31),
(88, 'Information', 31),
(89, 'Food', 33),
(90, 'Tours', 33),
(91, 'Information', 33);

-- --------------------------------------------------------

--
-- Table structure for table `category_choices_events`
--

CREATE TABLE IF NOT EXISTS `category_choices_events` (
  `category_choice_id` int(10) NOT NULL,
  `event_id` int(11) NOT NULL
) ENGINE=MyISAM DEFAULT CHARSET=latin1;

--
-- Dumping data for table `category_choices_events`
--

INSERT INTO `category_choices_events` (`category_choice_id`, `event_id`) VALUES
(3, 1),
(62, 178),
(60, 178),
(4, 1),
(83, 182),
(84, 182),
(85, 183);

-- --------------------------------------------------------

--
-- Table structure for table `events`
--

CREATE TABLE IF NOT EXISTS `events` (
  `id` int(10) NOT NULL AUTO_INCREMENT,
  `title` text COLLATE latin1_spanish_ci NOT NULL,
  `description` text COLLATE latin1_spanish_ci,
  `event_group_id` int(10) NOT NULL,
  `photo_url` text COLLATE latin1_spanish_ci,
  `location` text COLLATE latin1_spanish_ci,
  `time_start` datetime NOT NULL,
  `duration` int(10) NOT NULL,
  `latitude` double DEFAULT NULL,
  `longitude` double DEFAULT NULL,
  `user_id` int(10) NOT NULL,
  `status` enum('unconfirmed','confirmed','hidden','rejected') COLLATE latin1_spanish_ci NOT NULL DEFAULT 'unconfirmed',
  `tags` text COLLATE latin1_spanish_ci NOT NULL,
  PRIMARY KEY (`id`),
  FULLTEXT KEY `searcher` (`title`,`description`)
) ENGINE=MyISAM  DEFAULT CHARSET=latin1 COLLATE=latin1_spanish_ci AUTO_INCREMENT=273 ;

--
-- Dumping data for table `events`
--

INSERT INTO `events` (`id`, `title`, `description`, `event_group_id`, `photo_url`, `location`, `time_start`, `duration`, `latitude`, `longitude`, `user_id`, `status`, `tags`) VALUES
(1, 'CPW Registration and Help Desk', '', 7, NULL, 'Student Center Floor La Sala de Puerto Rico', '2010-11-04 07:00:00', 60, NULL, NULL, 6, 'hidden', ''),
(2, 'Next House Hospitality Lounge', 'Nothing says &quot;welcome&quot; like an endless supply of snacks, cookies, and juice! Enjoy Next House''s relaxed and friendly atmosphere while basking in the glory of food. Start CPW off right - stop by Next''s Hospitality Lounge!', 7, NULL, 'Next House (W71), Lobby', '2010-04-08 09:00:00', 180, NULL, NULL, 6, 'hidden', ''),
(3, 'UROP Tours Sign-up', 'See first-hand the accessible and cutting edge research opportunities available to MIT undergraduates! A complete list of tour descriptions will be available at registration. Tour sign-up required to participate. Limit one tour per student; first-come, first-served. For general information about the UROP program, come to the UROP discussion panel Friday, April 9th at 12pm in Kresge Auditorium (W16).', 7, NULL, 'Sign up in the Student Center (W20), 2nd Floor, La Sala de Puerto Rico', '2010-04-08 09:00:00', 360, NULL, NULL, 6, 'hidden', ''),
(4, 'Financial Aid Appointments', 'For questions regarding aid, loans, student employment, and/or billing, please visit the Student Financial Services (SFS) desk in La Sala de Puerto Rico. General questions are answered immediately or you will be advised to schedule a 20-minute appointment. Scheduled appointments are limited and held in 11-120.', 7, NULL, 'Sign up in the Student Center, (W20), 2nd Floor, La Sala de Puerto Rico', '2010-04-08 09:00:00', 480, NULL, NULL, 6, 'hidden', ''),
(5, 'Parent Hospitality Lounge', 'Grab a cup of coffee or tea and chat with current MIT parents as well as other parents of MIT prefrosh. Also, learn about the MIT Parents Association and the Parent Connector Network from current volunteers and staff.', 7, NULL, 'Student Center (W20), 2nd Floor, La Sala de Puerto Rico', '2010-04-08 09:00:00', 480, NULL, NULL, 6, 'hidden', ''),
(6, 'Hillel Open House', 'Stop by at any time to the Hillel Office (basement of W11) to meet the Hillel Staff. While you''re here, you can buy your very own MIT Hillel t-shirt (in Hebrew).', 7, NULL, 'Religious Activities Center (W11), Basement', '2010-04-08 09:00:00', 480, NULL, NULL, 6, 'hidden', ''),
(7, 'Chocolate City Jukebox', 'Come join us for an opportunity to listen to hip-hop, r&amp;b, reggae, and dancehall provided by the Brothers of Chocolate City. Stop by to hang out, listen to hot music, and introduce yourself to a chill atmosphere.', 7, NULL, 'Front Steps of Student Center (W20)', '2010-04-08 09:00:00', 480, NULL, NULL, 6, 'hidden', ''),
(8, 'New House Welcome Lounge', 'Come join New House as we welcome you to MIT. We will have snacks and residents around all day so stop by and say hi!', 7, NULL, 'New House (W70)', '2010-04-08 09:00:00', 480, NULL, NULL, 6, 'hidden', ''),
(9, 'Classes', 'Many MIT classes open their doors to prefrosh during CPW. See your registration packet for the list sorted by date, time and subject. Before sitting in on a class that is not on the list, you <strong>must</strong> receive permission from the department in advance; some classes will be holding exams or do not have space to accommodate visitors.', 7, NULL, 'Various Locations', '2010-04-08 09:00:00', 480, NULL, NULL, 6, 'hidden', ''),
(10, 'Baptist Campus Ministry Open House', 'Come grab a bite of brunch with the Baptist Chaplain, members of Baptist Campus Ministry (BCM) and Baptist Student Fellowship. Learn about the MIT Christian scene and local churches in the area.', 7, NULL, 'Religious Activities Center (W11), Community Room', '2010-04-08 09:59:00', 121, NULL, NULL, 6, 'hidden', ''),
(11, 'Campus Tour', 'Departing on the hour and the half hour from Wiesner Student Art Gallery.', 7, NULL, 'Student Center (W20), 2nd Floor', '2010-04-08 10:00:00', 60, NULL, NULL, 6, 'hidden', ''),
(12, 'Campus Tour', 'Departing on the hour and the half hour from Wiesner Student Art Gallery.', 7, NULL, 'Student Center (W20), 2nd Floor', '2010-04-08 10:30:00', 60, NULL, NULL, 6, 'hidden', ''),
(13, 'Campus Tour', 'Departing on the hour and the half hour from Wiesner Student Art Gallery.', 7, NULL, 'Student Center (W20), 2nd Floor', '2010-04-08 11:00:00', 60, NULL, NULL, 6, 'hidden', ''),
(14, 'Campus Tour', 'Departing on the hour and the half hour from Wiesner Student Art Gallery.', 7, NULL, 'Student Center (W20), 2nd Floor', '2010-04-08 11:30:00', 60, NULL, NULL, 6, 'confirmed', ''),
(15, 'Lunch at Kappa Sigma', 'Just got to MIT? Stop by our house on campus for some lunch.', 7, NULL, 'Kappa Sigma, 407 Memorial Dr., Cambridge', '2010-04-08 11:30:00', 150, NULL, NULL, 6, 'confirmed', ''),
(16, 'Campus Tour', 'Departing on the hour and the half hour from Wiesner Student Art Gallery.', 7, NULL, 'Student Center (W20), 2nd Floor', '2010-04-08 12:00:00', 60, NULL, NULL, 6, 'confirmed', ''),
(17, 'Lunch at DKE!', 'Tired from activities? Just hungry? Enjoy a fresh, warm meal cooked by our chef Tom and find out why his dishes like Clam Chowda were rated the best by the "Boston Globe."', 7, NULL, 'Delta Kappa Epsilon, 403 Memorial Dr., Cambridge', '2010-04-08 12:00:00', 60, NULL, NULL, 6, 'hidden', ''),
(18, 'Chillin'' at the House', 'Come hang out with the brothers of Alpha Delta Phi and see how Greek life differs here at MIT than from anywhere in the world! We''re across the street and to the left from Random Hall (NW61).', 7, NULL, 'Alpha Delta Phi, 351 Massachusetts Ave., Cambridge', '2010-04-08 12:00:00', 300, NULL, NULL, 6, 'hidden', ''),
(19, 'Video Games at ADP', 'Come hang out with the brothers of Alpha Delta Phi and see how Greek life differs at MIT than from anywhere in the world! Alpha Delta Phi is across the street and to the left from Random Hall (NW61).', 7, NULL, 'Alpha Delta Phi, 351 Massachusetts Ave., Cambridge', '2010-04-08 12:00:00', 300, NULL, NULL, 6, 'confirmed', ''),
(20, 'Campus Tour', 'Departing on the hour and the half hour from Wiesner Student Art Gallery.', 7, NULL, 'Student Center (W20), 2nd Floor', '2010-04-08 12:30:00', 60, NULL, NULL, 6, 'confirmed', ''),
(21, 'Lunch', 'Come see how the brothers of Nu Delta make the best of a lunch break. There will be music and jokes to go around.', 7, NULL, 'Student Center Steps (W20)', '2010-04-08 12:59:00', 121, NULL, NULL, 6, 'confirmed', ''),
(22, 'BBQ at TDC', 'It''s like summer, only colder!', 7, NULL, 'Theta Delta Chi, 372 Memorial Dr., Cambridge', '2010-04-08 13:00:00', 60, NULL, NULL, 6, 'confirmed', ''),
(23, 'Campus Tour', 'Departing on the hour and the half hour from Wiesner Student Art Gallery.', 7, NULL, 'Student Center (W20), 2nd Floor', '2010-04-08 13:00:00', 60, NULL, NULL, 6, 'confirmed', ''),
(24, 'Ocean Engineering Open House', 'Discover the exciting possibilities of course 2-OE. Learn about the curriculum and labs, plus meet our faculty that lead the field in underwater robotics, ocean modeling, ship design, acoustic sensing, ocean energy and more. 2-OE students will be answering questions about their academics and post-MIT careers.', 7, NULL, 'Room 3-270', '2010-04-08 13:00:00', 60, NULL, NULL, 6, 'confirmed', ''),
(25, 'HEY YOU GUYS!', 'Come meet the dorm and its residents. Get a tour of our dorm, ask some questions about what to do this weekend, or just hang out with some cool people.', 7, NULL, 'Burton-Conner House (W51), TV Lounge', '2010-04-08 13:00:00', 180, NULL, NULL, 6, 'confirmed', ''),
(26, 'Campus Tour', 'Departing on the hour and the half hour from Wiesner Student Art Gallery.', 7, NULL, 'Student Center (W20), 2nd Floor', '2010-04-08 13:30:00', 60, NULL, NULL, 6, 'unconfirmed', ''),
(27, 'Back to Kindergarten', 'Nervous about college? Relax and return to your kindergarten days, where your biggest worry was your favorite crayon breaking. Come finger paint, play with playdoh, and enjoy goldfish and juice boxes with current students and other prefrosh!', 7, NULL, 'Next House (W71), Dining', '2010-04-08 13:30:00', 120, NULL, NULL, 6, 'unconfirmed', ''),
(28, 'Campus Tour', 'Departing on the hour and the half hour from Wiesner Student Art Gallery.', 7, NULL, 'Student Center (W20), 2nd Floor', '2010-04-08 14:00:00', 60, NULL, NULL, 6, 'unconfirmed', ''),
(29, 'Residential Life Information Session', 'Karen Nilsson, Senior Associate Dean for Residential Life, will lead a discussion covering life in residences, residential support in the halls, activities, dining options, the freshmen housing assignment process and more. We''ll equip you with the answers to your most important questions pertaining to your student''s residential experience at MIT.', 7, NULL, 'Kresge Auditorium (W16)', '2010-04-08 14:00:00', 60, NULL, NULL, 6, 'unconfirmed', ''),
(30, 'Cookies and Christianity', 'Do you have questions about Christianity at MIT? Need information about Christian student groups and activities during CPW and next fall? Just want a place to relax and have some cookies? Drop by!', 7, NULL, 'Religious Activities Center (W11), Christian Fellowship Lounge in Basement', '2010-04-08 14:00:00', 120, NULL, NULL, 6, 'unconfirmed', ''),
(31, 'Rock Band!', 'Come play Rock Band at Eran Egozy''s (founder of Harmonix) old house! Come play on our massive 80Ó projector screen with surround sound!', 7, NULL, 'Alpha Delta Phi, 351 Massachusetts Ave., Cambridge', '2010-04-08 14:00:00', 120, NULL, NULL, 6, 'unconfirmed', ''),
(32, 'Academics and Life: How to Balance', 'Interested in finding out about classes, UROPs, jobs, opportunities and teams at MIT? Come ask our brothers how they balance school and sports, attend a class with us, or inquire about anything that''s on your mind.', 7, NULL, 'Delta Kappa Epsilon, 403 Memorial Dr., Cambridge', '2010-04-08 14:00:00', 180, NULL, NULL, 6, 'unconfirmed', ''),
(33, 'CPW Prefrosh Lounge', 'Looking for a place to relax between events? Have a question only an MIT student can answer? Just drop by!', 7, NULL, 'Student Center (W20), 3rd Floor, Coffeehouse', '2010-04-08 14:00:00', 360, NULL, NULL, 6, 'unconfirmed', ''),
(34, 'Campus Tour', 'Departing on the hour and the half hour from Wiesner Student Art Gallery.', 7, NULL, 'Student Center (W20), 2nd Floor', '2010-04-08 14:30:00', 60, NULL, NULL, 6, 'unconfirmed', ''),
(35, 'Grillin'' on Kresge', 'The brothers of Beta Theta Pi are grilling on campus.  Come grab something to eat - we''ll have burgers, veggie burgers, and over 20 of the hottest hot sauces.', 7, NULL, 'Kresge BBQ Pits (behind Kresge Auditorium, W16)', '2010-04-08 14:30:00', 180, NULL, NULL, 6, 'unconfirmed', ''),
(36, 'Campus Tour', 'Departing on the hour and the half hour from Wiesner Student Art Gallery.', 7, NULL, 'Student Center (W20), 2nd Floor', '2010-04-08 15:00:00', 60, NULL, NULL, 6, 'unconfirmed', ''),
(37, 'Opportunities for Aerospace Engineers in the Future of Space Explorations', 'Dr. Jeffrey Hoffman, a former NASA astronaut, flew five shuttle missions and was inducted into the U.S. Astronaut Hall of Fame in 2007. Hoffman is now a Professor of the Practice in the Department of Aeronautics and Astronautics but still has close ties with NASA. Among courses taught by Prof. Hoffman is the popular project-based course, 16.00 - Introduction of Aerospace and Design, which meets in the spring and is open to freshmen. Refreshments will be served.', 7, NULL, 'Room 4-163', '2010-04-08 15:00:00', 60, NULL, NULL, 6, 'unconfirmed', ''),
(38, 'The Urban Campus - Safety and Security', 'What does MIT do to ensure the safety of its students both on and off campus? How does MIT integrate into the urban landscape of Boston and Cambridge? John DiFava, Chief of MIT Police, and others will address these issues and answer your questions.', 7, NULL, 'Kresge Auditorium (W16)', '2010-04-08 15:00:00', 60, NULL, NULL, 6, 'unconfirmed', ''),
(39, 'CPW Prefrosh Lounge', 'Looking for a place to relax between events? Have a question only an MIT student can answer? Just drop by!', 7, NULL, 'Student Center (W20), 3rd Floor, Coffeehouse', '2010-04-08 15:00:00', 300, NULL, NULL, 6, 'unconfirmed', ''),
(40, 'Courtyard Antics', 'Hang out in our courtyard! Get your hair dyed, build wooden contraptions, and get classy tours of East Campus.', 7, NULL, 'East Campus Courtyard (between Buildings 62 and 64)', '2010-04-08 15:00:00', 360, NULL, NULL, 6, 'unconfirmed', ''),
(41, 'Truffles!', 'Come to Random Hall and make your own delicious truffles! Dark chocolate with raspberry, milk chocolate with lemon and ginger, white chocolate with wasabi (for the brave of heart). Are your taste buds up to the challenge?', 7, NULL, 'Random Hall (NW61)', '2010-04-08 15:17:00', 60, NULL, NULL, 6, 'unconfirmed', ''),
(42, 'Campus Tour', 'Departing on the hour and the half hour from Wiesner Student Art Gallery.', 7, NULL, 'Student Center (W20), 2nd Floor', '2010-04-08 15:30:00', 60, NULL, NULL, 6, 'unconfirmed', ''),
(43, 'Chemical Engineering Open House ', 'Chemical engineering is about transformation. It''s about gaining fundamental knowledge about a substance, then using that knowledge to synthesize a solution to an important medical, mechanical, or societal need. MIT offers the largest chem-e program in the nation. Come tour our labs and learn from faculty &amp; students about how we''re changing the world! ', 7, NULL, 'Room 66-201', '2010-04-08 15:30:00', 90, NULL, NULL, 6, 'unconfirmed', ''),
(44, 'Next House Dorm Tours', 'Come on a tour of one of the friendliest dorms on campus! Our eight wings all have their own subcultures, joining together to form the warm community that is Next House.', 7, NULL, 'leaves from Next House (W71), Lobby', '2010-04-08 15:30:00', 120, NULL, NULL, 6, 'unconfirmed', ''),
(45, 'Campus Tour', 'Departing on the hour and the half hour from Wiesner Student Art Gallery.', 7, NULL, 'Student Center (W20), 2nd Floor', '2010-04-08 16:00:00', 60, NULL, NULL, 6, 'unconfirmed', ''),
(46, 'Introduction to OME and Interphase', 'The staff of the Office of Minority Education (OME), along with past Interphase participants, will provide an overview of the office''s programs and services, and discuss the benefits of attending the 2010 Interphase Program. Parents are encouraged to attend. ', 7, NULL, 'Room 32-155 (Stata Center, 1st Floor)', '2010-04-08 16:00:00', 60, NULL, NULL, 6, 'unconfirmed', ''),
(47, 'Marvelous Molecules in Play', 'A selection of live chemical reactions followed by explanation, with Dr. John Dolhun, Department of Chemistry. Includes audience participation. ', 7, NULL, 'Room 4-370', '2010-04-08 16:00:00', 60, NULL, NULL, 6, 'unconfirmed', ''),
(48, 'Ashdown House Dorm Tour', 'Meet at the Student Center (W20) to walk over to New Ashdown (NW35). See for yourself what life is like in the newest dorm on campus! Then come chill with us, and have your questions about MIT answered by Phoenix Group members. ', 7, NULL, 'Meet at Student Center (W20)', '2010-04-08 16:00:00', 60, NULL, NULL, 6, 'unconfirmed', ''),
(49, 'Student Opportunities to Go Global', 'This panel of administrators, faculty, and students will help you understand the range of international opportunities available to students to go global and the resources they can utilize to pursue their interests. The panel will also answer questions about specific programs, scheduling an experience abroad, safety and funding.<br>', 7, NULL, 'Room 26-100', '2010-04-08 16:00:00', 60, NULL, NULL, 6, 'unconfirmed', ''),
(50, 'Ice Cream Social', 'You LOVE ice cream. You cannot resist the ice cream. To resist is hopeless. Your existence is meaningless without ice cream.', 7, NULL, 'Burton-Conner House (W51), Barbecue Pits', '2010-04-08 16:00:00', 90, NULL, NULL, 6, 'unconfirmed', ''),
(51, 'Ultimate Frisbee', 'Come relax and play a friendly game of ultimate with the brothers and female friends of Kappa Sigma. We''ll meet up at our house at 4pm and head out from there.', 7, NULL, 'Kappa Sigma, 407 Memorial Dr., Cambridge', '2010-04-08 16:00:00', 120, NULL, NULL, 6, 'unconfirmed', ''),
(52, 'Faire La Cuisine avec La Maison Francaise!', 'Help La Maison Francaise prepare a scrumptious meal from scratch. Cooking at French House is always fun whether we''re making pizza or coq au vin. Stick around until dinnertime, quand nous mangerons. No kitchen experience required!', 7, NULL, 'New House (W70), House 6 (French House), 5th floor kitchen', '2010-04-08 16:00:00', 135, NULL, NULL, 6, 'unconfirmed', ''),
(53, 'CPW Prefrosh Lounge', 'Looking for a place to relax between events? Have a question only an MIT student can answer? Just drop by!', 7, NULL, 'Student Center (W20), 3rd Floor, Coffeehouse', '2010-04-08 16:00:00', 240, NULL, NULL, 6, 'unconfirmed', ''),
(54, 'Chainmail', 'Learn how to protect yourselves and your loved ones against impending doom! Next time you find yourself in a medieval pitched battle, you''ll be all set. Meet us in Lobby 7 to catch our Big Silver Van to Epsilon Theta.', 7, NULL, 'Epsilon Theta, 259 Saint Paul St., Brookline', '2010-04-08 16:15:00', 60, NULL, NULL, 6, 'unconfirmed', ''),
(55, 'Bubble Wrap Room', 'Bubble wrap: it goes pop. We have an entire room of it. Come bounce off the walls!', 7, NULL, 'Random Hall (NW61)', '2010-04-08 16:17:00', 60, NULL, NULL, 6, 'unconfirmed', ''),
(56, 'Welcome BBQ at Alpha Epsilon Pi', 'Meat is what''s for dinner in Back Bay Boston. Come enjoy good food, good music, great people, and a beautiful view of Cambridge and the Charles River... Call us for ride: 847-902-0863', 7, NULL, 'Alpha Epsilon Pi, 155 Bay State Rd., Boston', '2010-04-08 16:30:00', 180, NULL, NULL, 6, 'unconfirmed', ''),
(57, 'Community Sing!', 'Singing in the shower just not cutting it? Come sing some of the most famous and best-loved pieces from the choral tradition with the MIT Concert Choir - MIT''s largest vocal performing group! Stop by for a few minutes or stay the whole time!', 7, NULL, 'Lobby 10', '2010-04-08 17:00:00', 60, NULL, NULL, 6, 'unconfirmed', ''),
(58, 'Dinner and Cafe Thursday', 'Come view our signature literary event: Cafe Thursday! Eat dinner with us while viewing a showcase of talent ranging from music, art, comedy, and more.', 7, NULL, 'Alpha Delta Phi, 351 Massachusetts Ave., Cambridge', '2010-04-08 17:00:00', 180, NULL, NULL, 6, 'unconfirmed', ''),
(59, 'Chill and Grill', 'You chill, we grill. We''ll be cooking up a storm on the historic Bay State Road and relaxing in and around our beautiful brownstone house. You can''t miss us - we''re right under the CITGO sign!', 7, NULL, 'Theta Xi, 64 Bay State Rd., Boston', '2010-04-08 17:00:00', 180, NULL, NULL, 6, 'unconfirmed', ''),
(60, 'CPW Prefrosh Lounge', 'Looking for a place to relax between events? Have a question only an MIT student can answer? Just drop by!', 7, NULL, 'Student Center (W20), 3rd Floor, Coffeehouse', '2010-04-08 17:00:00', 180, NULL, NULL, 6, 'unconfirmed', ''),
(61, 'Featured House Dining for Parents', 'Check out MIT''s house dining options in Ashdown House (NW35) - 5:30-8:30pm; Baker House (W7-100) - 5:30-8:30pm; McCormick Hall (W4-100) - 5:00-8:00pm; Next House (W71-100) - 5:30-8:30pm; and Simmons Hall (W79-100) - 5:00-8:00pm. Bring your CPW parent meal voucher (available at registration) and your meal is free!', 7, NULL, 'Various Locations', '2010-04-08 17:00:00', 210, NULL, NULL, 6, 'unconfirmed', ''),
(62, 'Wiki Racing &amp; Dinner', 'Race through cyberspace from "Bananas" to "Communism" then enjoy a delicious home-cooked meal with honey mustard chicken, spinach salad, and cherry crisp! Vegetarian options always available. Meet us in Lobby 7 to catch our Big Silver van to ET.', 7, NULL, 'Epsilon Theta, 259 Saint Paul St., Brookline', '2010-04-08 17:15:00', 105, NULL, NULL, 6, 'unconfirmed', ''),
(63, 'Dumpling Hylomorphism', 'Anamorphism: the building up of a structure. Catamorphism: the consumption of a structure. Hylomorphism: both an anamorphism and a catamorphism. This event? A hylomorphism on dumplings. Come learn the basic fold, or just perform a metabolic reduction on food.', 7, NULL, 'Random Hall (NW61)', '2010-04-08 17:17:00', 120, NULL, NULL, 6, 'unconfirmed', ''),
(64, 'Global Poverty Initiative General Body Meeting', 'Come learn about the Global Poverty Initiative at MIT and see what we do on campus, in the community, and around the world. Food will be provided, and students will be making stethoscopes out of simple materials. ', 7, NULL, 'Room 1-150', '2010-04-08 17:30:00', 60, NULL, NULL, 6, 'unconfirmed', ''),
(65, 'Toons at Dinner!', 'Experience a cappella like never before! The MIT/Wellesley Toons, MIT''s only cross-campus a cappella group, will be performing through all the campus dining halls, starting with McCormick and ending with Simmons. What could be better? Dorm food, good music, and PRIZES!', 7, NULL, 'Campus dining halls', '2010-04-08 17:30:00', 90, NULL, NULL, 6, 'unconfirmed', ''),
(66, 'Minority Student Dinner &amp; Discussion', 'Enjoy great food and meet students from the African American, Latino, and Native American communities. Hear about clubs, events, and organizations with which you could be involved, as well as personal stories of life as a student of color at the Institute.', 7, NULL, 'Walker Memorial (50), Morss Hall', '2010-04-08 17:30:00', 105, NULL, NULL, 6, 'unconfirmed', ''),
(67, 'Minority Parent Reception', 'MIT welcomes parents to its African American, Latino, and Native American communities. You are invited to join campus administrators, faculty, current students, and parents to learn more about the campus, student resources, and support services. Guest speakers from throughout the community will share their insight and experiences.', 7, NULL, 'Stata Center (32), 4th Floor, The R and D', '2010-04-08 17:30:00', 105, NULL, NULL, 6, 'unconfirmed', ''),
(68, 'NALGAS Fiesta', 'Come spice up your day with the Next Association of Latinos Giving Alltimate Satisfaction (NALGAS)! Taste incredible hispanic food and break an authentic pinata. Throw all your cares to the wind to the sound of Latino Music and real mariachi!', 7, NULL, 'Next House Dining (W71)', '2010-04-08 17:30:00', 120, NULL, NULL, 6, 'unconfirmed', ''),
(69, 'Absorb Ice Cream Like a Sponge!', 'Come join the fun and create the most extravagant ice cream sundae possible with a selection of hot fudge, whipped cream, sprinkles and more - all while meeting other prefrosh and friendly Simmons residents!', 7, NULL, 'Simmons Hall (W79)', '2010-04-08 17:30:00', 120, NULL, NULL, 6, 'unconfirmed', ''),
(70, 'Come Check Out the Beta House', 'Check out our house, jam with some of the brothers in our stage room, play hacky sack, skateboard out in front, we like all of the above.', 7, NULL, 'Beta Theta Pi, 119 Bay State Rd., Boston', '2010-04-08 17:30:00', 150, NULL, NULL, 6, 'unconfirmed', ''),
(71, 'Design a page in tomorrow''s issue of The Tech!', 'Interested in writing, taking photos, or helping lay out the paper? We are devoting several pages to YOU: your content and skills! Come in and have fun, and get your work distributed across campus the next day.', 7, NULL, 'Room W20-483', '2010-04-08 18:00:00', 360, NULL, NULL, 6, 'unconfirmed', ''),
(72, 'The Tech''s Open Newsroom', 'Watch as we put together tomorrow''s issue of "The Tech", featuring a special section about you, our visiting prefrosh! Find out how you can be part of it - if you stop by early enough, you might grab a byline!', 7, NULL, 'Room W20-483', '2010-04-08 18:00:00', 480, NULL, NULL, 6, 'unconfirmed', ''),
(73, 'Dinner at DKE!', 'Looking for a hearty meal after a long day of exploring campus?  Come join the brothers of DKE and enjoy a fresh, warm meal cooked by our chef Tom as we unwind after the day.', 7, NULL, 'Delta Kappa Epsilon, 403 Memorial Dr., Cambridge', '2010-04-08 18:00:00', 60, NULL, NULL, 6, 'unconfirmed', ''),
(74, 'Baking With Pumpkins', 'Here at German House, we love to bake. Our residential expert on pumpkin baking will be creating delicious combinations of cinammon, nutmeg, and ginger into cookies, brownies and cakes. Come bake or just eat!', 7, NULL, 'New House (W70), German House (House 6), 2nd Floor', '2010-04-08 18:00:00', 60, NULL, NULL, 6, 'unconfirmed', ''),
(75, 'Dinner', 'Come enjoy dinner with the brothers of Zeta Beta Tau and hear brothers speak about their MIT experiences - call Rick at 617-232-3257 for a ride.', 7, NULL, 'Zeta Beta Tau, 58 Manchester Rd., Brookline', '2010-04-08 18:00:00', 90, NULL, NULL, 6, 'unconfirmed', ''),
(76, 'Gerry''s World Famous Fried Chicken', 'Come to Phi Kappa Sigma (Skullhouse) for chef extraordinaire Gerry Martinez''s world famous delicious fried chicken, with corn and mashed potatoes. You haven''t tried chicken until you''ve tried Gerry''s fried chicken. ', 7, NULL, 'Phi Kappa Sigma, 530 Beacon St., Boston', '2010-04-08 18:00:00', 120, NULL, NULL, 6, 'unconfirmed', ''),
(77, 'Dinner with Kappa Sigma', 'Stop by our on-campus location to grab some dinner and play some table-hockey, ping-pong and more.', 7, NULL, 'Kappa Sigma, 407 Memorial Dr., Cambridge', '2010-04-08 18:00:00', 120, NULL, NULL, 6, 'unconfirmed', ''),
(78, 'East Campus Grilling', 'Stuff your face with hot beef (and veggie burgers if storing dead animals is none of your stomach''s business).', 7, NULL, 'East Campus Courtyard (between Buildings 62 and 64)', '2010-04-08 18:00:00', 120, NULL, NULL, 6, 'unconfirmed', ''),
(79, 'CPW Prefrosh Lounge', 'Looking for a place to relax between events? Have a question only an MIT student can answer? Just drop by!', 7, NULL, 'Student Center (W20), 3rd Floor, Coffeehouse', '2010-04-08 18:00:00', 120, NULL, NULL, 6, 'unconfirmed', ''),
(80, 'Featured House Dining for Parents', 'Check out MIT''s house dining options in Ashdown House (NW35) - 5:30-8:30pm; Baker House (W7-100) - open until 8:30pm; McCormick Hall (W4-100) - open until 8:00pm; Next House (W71-100) - open until 8:30pm; and Simmons Hall (W79-100) - open until 8:00pm. Bring your CPW parent meal Voucher (available at registration) and your meal is free!', 7, NULL, 'Various Locations', '2010-04-08 18:00:00', 150, NULL, NULL, 6, 'unconfirmed', ''),
(81, 'Chillin With Delts', 'Come kick it at DTD. We''ll be shooting pool, playing foosball, maybe some poker, and eating a dope turkey dinner.', 7, NULL, 'Delta Tau Delta, 416 Beacon St., Boston', '2010-04-08 18:00:00', 240, NULL, NULL, 6, 'unconfirmed', ''),
(82, 'Game Show Night', 'Team up with your peers and show off your MIT knowledge in jeopardy, family feud or find your perfect match in the dating game.', 7, NULL, 'Burton-Conner House (W51), TV Lounge', '2010-04-08 18:00:00', 270, NULL, NULL, 6, 'unconfirmed', ''),
(83, 'China Care Dumpling Dinner', 'Wanna have some dumplings? Learn more about helping orphans in China and making a difference? Or just hang out with your fellow pre-froshes? The China Care Dumpling Dinner will be a perfect event for you!!', 7, NULL, 'McCormick Hall (W4), Country Kitchen', '2010-04-08 18:15:00', 60, NULL, NULL, 6, 'unconfirmed', ''),
(84, 'Diner a La Maison Francaise', 'Come eat a home-cooked dinner on la maison!', 7, NULL, 'New House (W70), House 6 (French House), 5th floor kitchen', '2010-04-08 18:15:00', 60, NULL, NULL, 6, 'unconfirmed', ''),
(85, 'Meet the Men''s Ultimate Frisbee Team', 'Catch the end of our last practice before the Championship Series. Come meet the team and see what college Ultimate is all about. We''ll be available after practice to answer any questions or just to toss some plastic around.', 7, NULL, 'Briggs Field (grass across from MacGregor House-W61)', '2010-04-08 18:15:00', 75, NULL, NULL, 6, 'unconfirmed', ''),
(86, 'Liquid Nitrogen Ice Cream', 'Colder than the heart of a freshman physics professor. This event has one-in-three chance of being Deep Fried Liquid Nitrogen Ice Cream in disguise!', 7, NULL, 'Random Hall (NW61)', '2010-04-08 18:17:00', 60, NULL, NULL, 6, 'unconfirmed', ''),
(87, 'Indian Dinner at pika', 'Authentic. Homemade. Delicious. Vegan. Gluten Free. Meet a pikan at lobby 7 at 6:00pm to be walked over or just follow the little orange flags from Simmons to pika.', 7, NULL, 'pika, 69 Chestnut St., Cambridge', '2010-04-08 18:30:00', 60, NULL, NULL, 6, 'unconfirmed', ''),
(88, 'Teriyaki!', 'Beef teriyaki for dinner! Who could want more?', 7, NULL, 'Theta Delta Chi, 372 Memorial Dr., Cambridge', '2010-04-08 18:30:00', 60, NULL, NULL, 6, 'unconfirmed', ''),
(89, 'Biology Open House', 'Are you a prospective course VII major? Are you thinking about a double major with VII/VIIA? Are you interested in the minor in Biology Program? Are you considering premed? Get the information you need! After 6pm, enter Bldg 68 across from the Stata Center parking lot at the door closest to Building 66.', 7, NULL, 'Room 68-181', '2010-04-08 19:00:00', 60, NULL, NULL, 6, 'unconfirmed', ''),
(90, 'Sundaes on Thursday', 'You''ll be gone by Sunday, so enjoy some ice cream now. Make your perfect sundae at our top-notch sundae bar or have our distinguished sundae chef make one for you. Fun is guaranteed.', 7, NULL, 'Kappa Sigma, 407 Memorial Dr., Cambridge', '2010-04-08 19:00:00', 60, NULL, NULL, 6, 'unconfirmed', ''),
(91, 'Dinner With German House', 'What makes German House the best place to live on campus? Our delicious dinners! Come experience first-hand the great chefs living here.', 7, NULL, 'New House (W70), German House (House 6), 2nd Floor', '2010-04-08 19:00:00', 60, NULL, NULL, 6, 'unconfirmed', ''),
(92, 'Meet the Musicians', 'Come meet the musicians of the MIT Symphony Orchestra! Find out about the music the group plays and the events we hold all year long. Mingle with fellow musicians and stay to hear us prepare for our next concert!', 7, NULL, 'Kresge Auditorium, Rehearsal Room B', '2010-04-08 19:00:00', 60, NULL, NULL, 6, 'unconfirmed', ''),
(93, 'CPW Prefrosh Lounge', 'Looking for a place to relax between events? Have a question only an MIT student can answer? Just drop by!', 7, NULL, 'Student Center (W20), 3rd Floor, Coffeehouse', '2010-04-08 19:00:00', 60, NULL, NULL, 6, 'unconfirmed', ''),
(94, 'Improv', 'It''s surprising how easily a group of people can entertain themselves with nothing but their wits and a stick of celery. Meet us in Lobby 7 to catch our Big Silver Van to Epsilon Theta.', 7, NULL, 'Epsilon Theta, 259 Saint Paul St., Brookline', '2010-04-08 19:00:00', 75, NULL, NULL, 6, 'unconfirmed', ''),
(95, 'Super FHE', 'MIT LDS students guarantee a message, fun activity, treats, and the opportunity to meet new friends with shared values. You''ll leave inspired for the official Class of 2014 Student Welcome, just as weekly Family Home Evening (FHE) inspires us.', 7, NULL, 'McCormick Hall (W4), East Penthouse', '2010-04-08 19:00:00', 90, NULL, NULL, 6, 'unconfirmed', ''),
(96, 'Featured House Dining for Parents', 'Check out MIT''s house dining options in Ashdown House (NW35) - open until 8:30pm; Baker House (W7-100) - open until 8:30pm; McCormick Hall (W4-100) - open until 8:00pm; Next House (W71-100) - open until 8:30pm; and Simmons Hall (W79-100) - open until 8:00pm. Bring your CPW parent meal Voucher (available at registration) and your meal is free!', 7, NULL, 'Various Locations', '2010-04-08 19:00:00', 90, NULL, NULL, 6, 'unconfirmed', ''),
(97, 'Bridge Building Competition', 'Think you have what it takes to build the best bridge? Then prove it in head-to-head competition for the grand prize! Snacks will be available.', 7, NULL, 'Theta Delta Chi, 372 Memorial Dr., Cambridge', '2010-04-08 19:00:00', 120, NULL, NULL, 6, 'unconfirmed', ''),
(98, 'International Feast ', 'Take your taste buds on an international journey around the world. Come and help us cook our multicultural dinner. Then enjoy a celebration of our meal with games, lively discussion, and huge cards.', 7, NULL, 'New House (W70), iHouse ', '2010-04-08 19:00:00', 120, NULL, NULL, 6, 'unconfirmed', ''),
(99, 'Quiz Bowl!', 'If you like books, reading, random trivia, SCIENCE!, music, and knowledge, come to practice! Old-timers and first-timers to quiz bowl welcome; we love you either way.', 7, NULL, 'Room 4-144', '2010-04-08 19:00:00', 120, NULL, NULL, 6, 'unconfirmed', ''),
(100, 'Food Event, Part I', 'You''re hungry. You want to eat all of our delicious foods. Come to Senior Haus, building E2. Across Ames Street and into your heart.', 7, NULL, 'Senior House (E2)', '2010-04-08 19:00:00', 120, NULL, NULL, 6, 'unconfirmed', ''),
(101, 'NONLINEAR CHAOS (Games Night!!!)', 'Come by for a night of karaoke, fun games, and tons of FOOD!', 7, NULL, 'McCormick Hall (W4), East Penthouse', '2010-04-08 19:00:00', 120, NULL, NULL, 6, 'unconfirmed', ''),
(102, 'Printing Press Tour', 'What does an early 1900s printing press look like and why does MIT have one? Tours of our letter press start every 15 minutes.', 7, NULL, 'Student Center (W20), 4th floor, Room W20-415', '2010-04-08 19:15:00', 60, NULL, NULL, 6, 'unconfirmed', ''),
(103, 'Juggling in Enclosed Spaces', 'What''s more fun than throwing brightly colored objects at people? Doing it at the same time as fifteen other people all packed into a small lounge. Come juggle with us! Don''t know how? We''re happy to teach you! ', 7, NULL, 'Random Hall (NW61)', '2010-04-08 19:17:00', 60, NULL, NULL, 6, 'unconfirmed', ''),
(104, 'Tea and Math', 'Drink tea, eat biscuits, and learn math! No purchase necessary.', 7, NULL, 'Random Hall (NW61)', '2010-04-08 19:17:00', 60, NULL, NULL, 6, 'unconfirmed', ''),
(105, 'Dinner at DU', 'Enjoy a dinner cooked by our very own chef. We are just across the Mass. Ave. Bridge and to the right at 526 Beacon Street (we''re the house with a putting green for a front lawn).', 7, NULL, 'Delta Upsilon, 526 Beacon St., Boston', '2010-04-08 19:30:00', 45, NULL, NULL, 6, 'unconfirmed', ''),
(106, 'pika House Tours', 'Learn where we got the door to our upstairs bathroom and why pika is never capitalized. Guaranteed to be one of the most interesting house tours you ever take. The secret of this event is that it will happen every night of CPW.', 7, NULL, 'pika, 69 Chestnut St., Cambridge', '2010-04-08 19:30:00', 60, NULL, NULL, 6, 'unconfirmed', ''),
(107, 'Dinner at Zeta Psi', 'Looking for a warm, home-cooked meal? Come enjoy a delicious family-style dinner prepared by the brothers of Zeta Psi.', 7, NULL, 'Zeta Psi, 233 Massachusetts Ave., Cambridge', '2010-04-08 19:30:00', 60, NULL, NULL, 6, 'unconfirmed', ''),
(108, 'Parent Welcome', 'Stu Schmill, Dean of Admissions and Donald Sadoway, John F. Elliott Professor of Materials Chemistry, welcome the Class of 2014 parents to Campus Preview Weekend.', 7, NULL, 'Room 26-100', '2010-04-08 19:30:00', 75, NULL, NULL, 6, 'unconfirmed', ''),
(109, 'Next Act Presents &quot;Urinetown&quot;!', 'Next Act presents a hilarious musical comedy about what it''s like when people can''t pee free! Remember, you better go before the show, because there often is a line! Tickets are FREE and will be available at the door. Also shows Fri. and Sat.', 7, NULL, 'Next House (W71), Tastefully Furnished Lounge', '2010-04-08 20:00:00', 120, NULL, NULL, 6, 'unconfirmed', ''),
(110, 'Analog Game Night', 'Good old-fashioned fun! Hop on Saferide and join us for a night full of board games, pool, foosball, and other things you can do without electronics, all while snacking on foods made in-house on our famous Frialator.', 7, NULL, 'Theta Xi, 64 Bay State Rd., Boston', '2010-04-08 20:00:00', 120, NULL, NULL, 6, 'unconfirmed', ''),
(111, 'French Films', 'Traveling garden gnomes, a musical saw, guys who can scale tall buildings...French movies have it all!', 7, NULL, 'New House (W70), House 6 (French House), 5th floor kitchen', '2010-04-08 20:00:00', 180, NULL, NULL, 6, 'unconfirmed', ''),
(112, 'Speed Games', 'FallingSpeedscrabbleGalaxytruckerRicochetrobots! <br>Not your grandpa''s game of chess! Meet us in Lobby 7 to catch our Big Silver Van to Epsilon Theta.', 7, NULL, 'Epsilon Theta, 259 Saint Paul St., Brookline', '2010-04-08 20:15:00', 60, NULL, NULL, 6, 'unconfirmed', ''),
(113, 'Pillow Wars', 'Come get out some extra energy and test your skills in our pillow fight tournament.  ', 7, NULL, 'Random Hall (NW61)', '2010-04-08 20:17:00', 60, NULL, NULL, 6, 'unconfirmed', ''),
(114, 'CPW Student Welcome and Prefrosh Icebreaker', 'The official welcome for the Class of 2014 - this will be the first time that all of your prospective MIT classmates will be together!', 7, NULL, 'Rockwell Cage (W33)', '2010-04-08 20:30:00', 60, NULL, NULL, 6, 'unconfirmed', ''),
(115, 'Rock Band Tournament', 'Come join the brothers of DKE as we battle it out rock band style. Food, video games, and fun are all included. Come show off your skills and you just might win a prize.', 7, NULL, 'Delta Kappa Epsilon, 403 Memorial Dr., Cambridge', '2010-04-08 21:00:00', 180, NULL, NULL, 6, 'unconfirmed', ''),
(116, 'Indian Movie Night', 'Come watch "Diwali Dulhania Le Jayenge" with us in our own in-house theater! A great first introduction to Indian movies, and a classic for lovers of the genre.', 7, NULL, 'Alpha Delta Phi, 351 Massachusetts Ave., Cambridge', '2010-04-08 21:00:00', 120, NULL, NULL, 6, 'unconfirmed', ''),
(117, 'CPW Festival', 'MIT students welcome you to the community. Experience what makes us unique and what MIT students do for fun.', 7, NULL, 'Johnson Athletics Center (W34)', '2010-04-08 21:30:00', 150, NULL, NULL, 6, 'unconfirmed', ''),
(118, 'Chick Flick Night', 'Wondering where you can be really girly at MIT? Look no further. This is a really casual event: movies, popcorn, nail painting, hair braiding, and a chance to meet friends you can hang out with for the rest of CPW.', 7, NULL, 'New House (W70), House 3', '2010-04-08 22:00:00', 120, NULL, NULL, 6, 'unconfirmed', ''),
(119, 'Party at DU', 'Start the weekend early with a great party. Mingle with coeds from MIT and the greater Boston area - we''re just across the Mass. Ave. Bridge and to the right.', 7, NULL, 'Delta Upsilon, 526 Beacon St., Boston', '2010-04-08 22:00:00', 180, NULL, NULL, 6, 'unconfirmed', ''),
(120, 'Baker House presents HORIZON', 'Come kick off CPW with the hottest party of the evening! Enjoy the Boston skyline while dancing the night away to the beats of DJ NITE. Rising hip-hop artists E-Jeezy and MiKO will make an appearance. Refreshments will be served.', 7, NULL, 'Baker House (W7), Rooftop ', '2010-04-08 22:00:00', 180, NULL, NULL, 6, 'unconfirmed', ''),
(121, 'Rock Band Showdown', 'Think you and your friends have what it takes to beat our Rock Band champions? Bring ''em all and bring it... if you can.  ', 7, NULL, 'Theta Xi, 64 Bay State Rd., Boston', '2010-04-08 22:00:00', 180, NULL, NULL, 6, 'unconfirmed', ''),
(122, 'Simmons Movie Theater Mania', 'Action. Comedy. Crime. Drama. Fantasy. Horror. Mystery. Romance. Sci-Fi. Thriller. Pick a genre, choose the movie and we''ll play it in our movie theater on a 10-FOOT SCREEN with BOSE SURROUND SOUND! There will be plenty of popular movie snacks.', 7, NULL, 'Simmons Hall (W70), Multi-purpose Room', '2010-04-08 22:00:00', 240, NULL, NULL, 6, 'unconfirmed', ''),
(123, 'Molecular Gastronomy', 'Caviar that tastes like blueberry? Lemons (no sweeteners added) that taste like lemon candy? Chocolate mousse that disappears in your mouth, leaving only the delicious flavor behind? Come make some, eat some, and learn about the science behind these treats!', 7, NULL, 'New House (W70), House 6 (French House), 5th floor kitchen', '2010-04-08 22:00:00', 60, NULL, NULL, 6, 'unconfirmed', ''),
(124, 'Dessert Night: S''mores', 'Join us in the Next House courtyard to toast s''mores! Come enjoy the chocolate-marshmallow-graham cracker goodness as we share some entertaining MIT tales.', 7, NULL, 'Next House (W71), Courtyard', '2010-04-08 22:30:00', 90, NULL, NULL, 6, 'unconfirmed', ''),
(125, 'Poker Tournament', 'Come relax and play poker at LCA for a prize. Take Boston West saferide to the 3rd stop, or call 516-503-2875 for a ride from campus.', 7, NULL, 'Lambda Chi Alpha, 99 Baystate Rd., Boston', '2010-04-08 22:30:00', 90, NULL, NULL, 6, 'unconfirmed', ''),
(126, 'Ice Cream Social', 'Ice Cream, Ice Cream, Ice Cream! Who could resist this deliciousness? Enjoy a night of tasty ice cream with everyone as you settle in for CPW! ', 7, NULL, 'New House (W70), House 4, 5th floor south', '2010-04-08 22:30:00', 90, NULL, NULL, 6, 'unconfirmed', ''),
(127, 'Painting, Fondue, and Star Gazing', 'Come join us for &quot;wall&quot; painting, star gazing, and an expensive cheeses study break!', 7, NULL, 'Simmons Hall (W79), 4C Hallway', '2010-04-08 22:30:00', 90, NULL, NULL, 6, 'unconfirmed', ''),
(128, 'SUGAR HIGH DANCE PARTY', 'Can you feel the bass? Come dance it up with your future classmates. We have enough sugar to power you through the rest of this crazy weekend. And did we mention glow sticks? Check out http://tinyurl.com/bc-sugarhigh for updates.', 7, NULL, 'Burton-Conner House (W51), Porter Room', '2010-04-08 22:30:00', 210, NULL, NULL, 6, 'unconfirmed', ''),
(129, 'FIREHOSE: Duct-Tape Mania', 'Want to make a duct tape wallet? Sandals? A fire hydrant? Come make awesome things out of duct tape! Duct tape provided. PRETTY COLORS. Come hang out, eat food, and take classes until stupid late.', 7, NULL, '6th floor of building 24', '2010-04-08 23:00:00', 60, NULL, NULL, 6, 'unconfirmed', ''),
(130, 'FIREHOUSE: Burnside''s Lemma', 'Want to know how many ways you can paint the faces of a cube with n colors? Abstract algebra can help you--but be warned, this is not the algebra everybody did in high school! ', 7, NULL, '6th floor of building 24', '2010-04-08 23:00:00', 60, NULL, NULL, 6, 'unconfirmed', ''),
(131, 'La Casa Study Break', 'Come after the CPW festival and join us for our weekly study break Thursday night. Our study breaks consist of good food and serve as a fun break from homework and responsibilities. Make new friends and get to know the La Casa familia.', 7, NULL, 'New House (W70), House 3, Spanish House Dining Room', '2010-04-08 23:00:00', 90, NULL, NULL, 6, 'unconfirmed', ''),
(132, 'FIREHOSE: Your Art Teacher LIED to You!', 'Come see your art teacher''s claims fall at the hand of experimental science: the science of human vision. This class is part of ESP''s FIREHOSE Event! Come hang out, eat our food, and take classes until stupid late. ', 7, NULL, '6th floor of building 24', '2010-04-08 23:00:00', 120, NULL, NULL, 6, 'unconfirmed', ''),
(133, 'Cocoa and Stories ', 'Come join Fourth East for an extended version of our nightly cocoa tradition. We provide the hot chocolate, dessert, and MIT stories. Meet in the East Campus courtyard by the ugly modern art.', 7, NULL, 'East Campus (64), Fourth East', '2010-04-08 23:00:00', 120, NULL, NULL, 6, 'unconfirmed', ''),
(134, 'AEPi Cidernight', 'Hot apple cider, homemade banana bread, lots of other baked goodies, and some fun games make this late night event a can''t-miss... 5th stop on Saferide Boston West, or call us at 847-902-0863 for a ride.', 7, NULL, 'Alpha Epsilon Pi, 155 Bay State Rd., Boston', '2010-04-08 23:00:00', 180, NULL, NULL, 6, 'unconfirmed', ''),
(135, 'Nightmare', 'We''re bringing back our favorite holiday, like Jason and Freddy from the grave. Let your inner monster loose on the dancefloor at Skullhouse. ', 7, NULL, 'Phi Kappa Sigma, 530 Beacon St., Boston', '2010-04-08 23:00:00', 180, NULL, NULL, 6, 'unconfirmed', ''),
(136, 'The 3 P''s: Pizza, Poker, Pool', 'CPW has begun: it is time to put on your poker face. Win cool MIT prizes, eat delicious pizza, and test your pool skillz. By the way, no counting cards!', 7, NULL, 'Sigma Phi Epsilon (the big red door), 518 Beacon St., Boston', '2010-04-08 23:00:00', 270, NULL, NULL, 6, 'unconfirmed', ''),
(137, 'Midnight Buffet', 'Not thinking about calling it a night, were you? Drop by the Kappa Sig stoop instead for a late-night snack, some pick-up basketball or that last game of Wii Olympics.', 7, NULL, 'Kappa Sigma, 407 Memorial Dr., Cambridge', '2010-04-08 23:30:00', 90, NULL, NULL, 6, 'unconfirmed', ''),
(138, 'Room For One More', 'Watch the modern cult movie "The Room" with the residents of the Third HNC. Idolize Tommy Wisseau, and marvel at the intricate twists of the subplots.', 7, NULL, 'Senior House (E2), Third HNC', '2010-04-08 23:30:00', 150, NULL, NULL, 6, 'unconfirmed', ''),
(139, 'Movie on the Roof', 'Enjoy a movie on our roof deck overlooking the heart of Kenmore Square, the famous CITGO sign, and Fenway Park. Third stop Saferide Boston East.', 7, NULL, 'Phi Sigma Kappa, 487 Commonwealth Ave., Boston', '2010-04-08 23:45:00', 135, NULL, NULL, 6, 'unconfirmed', ''),
(140, 'Late-Night Snack', 'Got the midnight munchies? Stop by TDC for some late-night grub.', 7, NULL, 'Theta Delta Chi, 372 Memorial Dr., Cambridge', '2010-04-08 23:59:00', 60, NULL, NULL, 6, 'unconfirmed', ''),
(141, 'Midnight Frisbee', 'Come join the brothers of Alpha Delta Phi and hordes of your newfound friends playing glow-in-the-dark frisbee! Meet on Briggs Field, between MacGregor (W61)and Simmons (W79).', 7, NULL, 'Briggs Field', '2010-04-08 23:59:00', 60, NULL, NULL, 6, 'unconfirmed', ''),
(142, 'Midnight Snack', 'Come eat french toast sticks, bacon, wings, pot stickers and other tasty fried snacks with the guys at Theta Chi.', 7, NULL, 'Theta Chi, 528 Beacon St., Boston', '2010-04-08 23:59:00', 121, NULL, NULL, 6, 'unconfirmed', ''),
(145, 'something else', 'blah', 7, NULL, '', '2010-11-09 00:00:00', 31614, NULL, NULL, 0, 'unconfirmed', ''),
(146, 'sweet event', '', 9, NULL, '', '0000-00-00 00:00:00', 1241, NULL, NULL, 0, 'confirmed', ''),
(147, 'another one', '', 9, NULL, '', '0000-00-00 00:00:00', 1240, NULL, NULL, 0, 'confirmed', ''),
(154, 'booya', '', 9, NULL, '', '2010-11-03 22:54:00', 0, NULL, NULL, 0, 'confirmed', ''),
(155, 'something', '', 9, NULL, '', '2010-11-03 22:54:00', 0, NULL, NULL, 0, 'rejected', ''),
(156, 'sldkfjdfs', '', 9, NULL, '', '2010-11-03 22:54:00', 0, NULL, NULL, 0, 'rejected', ''),
(157, 'aha', '', 9, NULL, '', '2010-11-03 22:54:00', 0, NULL, NULL, 6, 'hidden', ''),
(158, 'byb', '', 9, NULL, NULL, '2010-11-17 20:00:00', 1268544900, NULL, NULL, 9, 'confirmed', ''),
(159, 'way cool', '', 7, NULL, NULL, '2010-11-10 20:00:00', 1267950180, NULL, NULL, 6, 'hidden', ''),
(160, 'niceness', '', 19, NULL, NULL, '2010-11-04 00:00:00', 1267366080, NULL, NULL, 10, 'hidden', ''),
(161, 'shouldhavelat', '', 19, NULL, NULL, '2010-11-04 00:00:00', 1267366080, NULL, NULL, 10, 'hidden', ''),
(162, 'shoulddefhavelat', '', 19, NULL, NULL, '2010-11-04 00:00:00', 1267366080, 42.3591464425085, -71.0954260826111, 10, 'hidden', ''),
(163, 'coolio', '', 23, NULL, NULL, '2010-11-04 04:00:00', 1267380240, 42.4124787088531, -71.7281055450439, 6, 'hidden', ''),
(164, 'badass', '', 23, NULL, NULL, '2010-11-04 04:00:00', 1267380240, 42.4112905190282, -71.7338562011719, 6, 'hidden', ''),
(165, 'coollsaa', '', 23, NULL, NULL, '2010-11-04 04:00:00', 1267380240, 42.4112746763451, -71.7308735847473, 6, 'hidden', ''),
(166, 'cool thing here', '', 25, NULL, NULL, '2010-11-04 05:00:00', 1267383780, 42.358987883855, -71.0967993736267, 12, 'hidden', ''),
(167, 'blah2', '', 24, NULL, 'sdffd', '2010-11-04 06:00:00', 1267387320, 42.358987883855, -71.0967993736267, 12, 'hidden', ''),
(168, '', NULL, 0, NULL, NULL, '2010-11-04 05:45:26', 1267382861, NULL, NULL, 0, 'unconfirmed', ''),
(169, 'woahshitsdffa', '', 24, NULL, 'aaaabbb', '2010-11-04 06:00:00', 1267387320, 42.358987883855, -71.0967993736267, 12, 'hidden', ''),
(170, '', NULL, 0, NULL, NULL, '2010-11-04 05:47:11', 1267382964, NULL, NULL, 0, 'unconfirmed', ''),
(171, '', NULL, 0, NULL, NULL, '2010-11-04 05:47:17', 1267382970, NULL, NULL, 0, 'unconfirmed', ''),
(172, '', NULL, 0, NULL, NULL, '2010-11-04 05:47:27', 1267382980, NULL, NULL, 0, 'unconfirmed', ''),
(173, '', NULL, 0, NULL, NULL, '2010-11-04 05:47:40', 1267382992, NULL, NULL, 0, 'unconfirmed', ''),
(174, 'nice event', '', 26, NULL, 'stanford as well', '2010-11-04 06:00:00', 1267387320, 37.424106, -122.166076, 12, 'hidden', ''),
(175, 'checktime', '', 24, NULL, '', '2010-11-04 19:00:00', 60, 42.358987883855, -71.0967993736267, 12, 'hidden', ''),
(176, 'again', '', 24, NULL, '', '2010-11-04 07:00:00', 1267390860, 42.358987883855, -71.0967993736267, 12, 'hidden', ''),
(177, 'fixednow', '', 24, NULL, '', '2010-11-18 06:00:00', 17400, 42.358987883855, -71.0967993736267, 12, 'hidden', ''),
(178, 'caty', '', 27, NULL, '', '2010-11-04 07:00:00', 60, NULL, NULL, 6, 'hidden', ''),
(179, 'jus''!?st checking', '', 20, NULL, '', '2010-11-04 11:00:00', 60, 42.360351475199, -71.1026358604431, 6, 'hidden', ''),
(180, 'waycoool', '', 20, NULL, 'stanford', '2010-11-04 11:00:00', 60, 37.424106, -122.166076, 6, 'hidden', ''),
(181, 'woah event', '', 28, NULL, '', '2010-11-04 18:00:00', 120, NULL, NULL, 6, 'hidden', ''),
(182, 'cool thing heren ', '', 29, NULL, '', '2010-11-08 23:06:00', 60, 42.3593842797384, -71.1044383049011, 7, 'hidden', ''),
(183, 'safdljsfd', '', 29, NULL, '', '2010-11-08 23:06:00', 60, 42.3593842797384, -71.1044383049011, 7, 'hidden', ''),
(184, 'what about this', '', 29, NULL, '', '2010-11-08 23:41:00', 60, 42.3593842797384, -71.1044383049011, 7, 'hidden', ''),
(185, 'more crap', '', 29, NULL, '', '2010-11-08 23:53:00', 60, 42.3593842797384, -71.1044383049011, 7, 'unconfirmed', ''),
(186, 'chill event', '', 39, NULL, '', '2010-11-10 17:20:00', 60, NULL, NULL, 14, 'unconfirmed', ''),
(187, 'cool event', '', 41, NULL, '', '2010-11-10 17:43:00', 60, NULL, NULL, 14, 'confirmed', ''),
(195, 'hmmshit', '', 60, NULL, '', '2010-11-11 10:54:00', 17340, NULL, NULL, 7, 'hidden', ''),
(196, 'hiddener', '', 60, NULL, '', '2010-11-11 10:58:00', 60, NULL, NULL, 14, 'unconfirmed', ''),
(197, 'yoman', '', 60, NULL, '', '2010-11-11 10:59:00', 60, NULL, NULL, 14, 'unconfirmed', ''),
(198, 'another', '', 60, NULL, '', '2010-11-11 11:04:00', 60, NULL, NULL, 14, 'unconfirmed', ''),
(199, 'mhhmm', '', 60, NULL, '', '2010-11-11 11:04:00', 60, NULL, NULL, 14, 'unconfirmed', ''),
(200, 'oh boy', '', 60, NULL, '', '2010-11-11 11:04:00', 60, NULL, NULL, 14, 'unconfirmed', ''),
(201, 'hmm', '', 60, NULL, '', '2010-11-11 11:05:00', -12960, NULL, NULL, 14, 'unconfirmed', ''),
(202, 'slfdjk$#%''sldkf~!', '', 60, NULL, '', '2010-11-11 11:05:00', 60, NULL, NULL, 14, 'unconfirmed', ''),
(203, '!!', '', 60, NULL, '', '2010-11-11 11:08:00', 60, NULL, NULL, 14, 'unconfirmed', '');
INSERT INTO `events` (`id`, `title`, `description`, `event_group_id`, `photo_url`, `location`, `time_start`, `duration`, `latitude`, `longitude`, `user_id`, `status`, `tags`) VALUES
(204, '', '', 60, NULL, '', '2010-11-11 11:08:00', 60, NULL, NULL, 14, 'unconfirmed', ''),
(205, '', '', 60, NULL, '', '2010-11-11 11:21:00', 60, NULL, NULL, 14, 'unconfirmed', ''),
(206, 'checshit', '', 54, NULL, '', '2010-11-11 11:44:00', 60, NULL, NULL, 14, 'confirmed', ''),
(207, 'asfddfdd', '', 54, NULL, '', '2010-11-11 10:00:00', 60, NULL, NULL, 14, 'confirmed', ''),
(208, 'try tags', '', 60, NULL, '', '2010-11-11 10:00:00', 60, NULL, NULL, 7, 'hidden', 'cool, beans'),
(209, 'This is a big overall event', 'really cool stuff is happening', 72, NULL, '', '2010-11-11 10:00:00', 17340, NULL, NULL, 24, 'hidden', 'food, friends'),
(210, 'really cool north side event', 'oh boy!oh\r\n', 73, NULL, '', '2010-11-11 10:00:00', 60, NULL, NULL, 24, 'hidden', 'north side, stuff'),
(211, 'subsubevent', '', 74, NULL, '', '2010-11-11 10:00:00', 60, NULL, NULL, 24, 'hidden', 'food, way cool'),
(212, 'more stuff', '', 72, NULL, '', '2010-11-12 10:00:00', 60, NULL, NULL, 24, 'hidden', ''),
(213, 'test this shit', '', 72, NULL, '', '2010-11-13 13:19:32', 0, NULL, NULL, 24, 'rejected', ''),
(214, 'way cool', 'yea', 72, NULL, '', '2010-11-13 13:19:36', 0, NULL, NULL, 24, 'confirmed', ''),
(215, 'try again', '', 72, NULL, '', '2010-11-13 13:19:36', 0, NULL, NULL, 24, 'confirmed', ''),
(216, 'try agaimoren', '', 72, NULL, '', '2010-11-13 10:00:00', 60, NULL, NULL, 24, 'hidden', ''),
(217, 'try this', 'a cool desc', 72, NULL, '', '2010-11-13 10:00:00', 60, NULL, NULL, 7, 'unconfirmed', 'fun, sun'),
(218, 'here''s the biggest event', 'you have to come to this!', 77, NULL, '', '2010-11-13 10:00:00', 60, NULL, NULL, 28, 'hidden', 'food, fun, friends, required'),
(219, 'info session', 'learn about living groups', 78, NULL, '', '2010-11-30 15:00:00', 60, NULL, NULL, 28, 'hidden', 'no food'),
(221, 'here''s a test event', 'I want to see what this looks like', 79, NULL, '', '2010-11-13 21:54:38', 0, NULL, NULL, 29, 'confirmed', ''),
(222, 'does this work?', '', 81, NULL, '', '2010-11-14 10:00:00', 60, NULL, NULL, 30, 'hidden', ''),
(223, 'oh boy', '', 99, NULL, 'mit', '2010-11-17 10:00:00', 60, 42.3575449817228, -71.1021423339844, 36, 'hidden', ''),
(224, 'and another', '', 99, NULL, 'mit', '2010-11-17 10:00:00', 60, 42.3579096744015, -71.0969924926758, 36, 'hidden', ''),
(225, 'Late Risers'' Breakfast', 'Learn about being a real college student by getting up at the same time we do to get some awesome breakfast. Bacon, pancakes, orange juice, lots of butter, and love.', 98, NULL, 'Senior House', '2010-04-09 14:00:00', 60, 42.3599075184754, -71.086950302124, 37, 'hidden', 'food, breakfast, senior, house, haus'),
(226, 'Attack a Canvas with Paint', 'In the mood for ART VIOLENCE? Throw some paint on large canvases in the courtyard and make some communal artwork. House tours also available.', 98, NULL, 'Senior House Courtyard', '2010-04-09 15:00:00', 80, 42.3599075184754, -71.086950302124, 37, 'hidden', 'paint, senior, house'),
(227, 'Mad Hatter Tea', 'Tea and Crumpets and Mad Hatters. Celebrate the Joi De Vivre that MIT causes.', 98, NULL, 'Senior House Courtyard', '2010-04-09 16:20:00', 70, 42.3599075184754, -71.086950302124, 37, 'hidden', 'tea, senior, house, food, hatter'),
(228, 'Food Event Part II', 'You''re hungry. You want to eat all of our delicious foods. Come. Come to Senior Haus, building E2. Across Ames Street and into your heart.', 98, NULL, 'Senior House', '2010-04-09 18:00:00', 60, 42.3599075184754, -71.086950302124, 37, 'hidden', 'food, senior, house'),
(229, 'Bouncy Ball Drop', 'Do you know what hundreds of bouncy balls falling from the sky looks like? You don''t? Really? We can fix that. Also, if you''re lucky, you can find live music in the basement immediately after.', 98, NULL, 'Senior House Courtyard', '2010-04-09 20:00:00', 30, 42.3599075184754, -71.086950302124, 37, 'hidden', 'bouncy, ball, balls, senior, house'),
(230, 'Hot Dogs and Game Night', 'Wonder what we call the instant heart attack? Come try some!!! Or if not, just join us for rockband, super smash bros, DJ Hero, jenga, mafia and hoopla; we wonÕt force you to clog your arteries.', 100, NULL, 'New House', '2010-04-09 01:00:00', 120, 42.3550872149999, -71.1007475852966, 37, 'hidden', 'hot, dogs, game, night, food, new, house'),
(231, 'Breakfast', 'Come enjoy all shapes, sizes and flavors of pancakes as well as waffles and smoothies.', 100, NULL, 'New House Arcade', '2010-04-09 08:00:00', 120, 42.3550872149999, -71.1007475852966, 37, 'hidden', 'food, smoothies, pancakes'),
(232, 'Human-Sized Bubbles', 'As bubble fanatics, we have always wanted to be in a human-sized bubble. Come join us in this endeavor! Also try colored bubbles, dry ice bubbles, and bouncy bubbles.', 100, NULL, 'New House', '2010-04-09 12:00:00', 120, 42.3550872149999, -71.1007475852966, 37, 'hidden', 'fun'),
(233, 'Kinex Car Cuilding', 'We supply a ton of k*nex pieces and rubber bands, you supply the ingenuity! Come to New House to learn how to make rubber band powered cars, race them, and then take home whatever you build.', 100, NULL, 'New House 3', '2010-04-09 16:00:00', 120, 42.3550872149999, -71.1007475852966, 37, 'hidden', 'lego, fun'),
(234, 'Origami and Smoothies', 'Smooooooothies on demand. Come savor and taste all sorts of smoothies.', 100, NULL, 'New House 4', '2010-04-09 16:00:00', 120, 42.3550872149999, -71.1007475852966, 37, 'hidden', 'food'),
(235, 'Faire La Cuisine avac La Maison Francaise!', 'Help La Maison Francaise prepare a scrumptious meal from scratch. Cooking at French House is always fun whether we''re making pizza or coq au vin. Stick around until dinnertime, quand nous mangerons. No kitchen experience required!', 100, NULL, 'New House 6, 5th floor kitchen', '2010-04-09 16:00:00', 135, 42.3550872149999, -71.1007475852966, 37, 'hidden', 'food, cooking, french'),
(236, 'Minority Men''s Discussion', 'An opportunity to discuss and hear about what it''s like to be a minority male on campus with the Brothers of Chocolate City.', 100, NULL, 'New House 1, 3rd floor lounge', '2010-04-09 17:30:00', 90, 42.3550872149999, -71.1007475852966, 37, 'hidden', 'chocolate, city, discussion, information'),
(237, 'Diner a la Maison Francaise', 'Come eat a home cooked dinner on la maison!', 100, NULL, 'New House 6, 5th floor kitchen', '2010-04-09 18:15:00', 60, 42.3550872149999, -71.1007475852966, 37, 'hidden', 'food, dinner, french'),
(238, 'Battles of New House', 'Many different battles including Board Games, Dominos, Set, Hot Sauce Eating, Lego Building, Starcraft and your favorite childhood pastime of popcorn played with a parachute.', 100, NULL, 'New House', '2010-04-09 19:00:00', 180, 42.3550872149999, -71.1007475852966, 37, 'hidden', 'food, board games'),
(239, 'Strategy Game Night', 'Settlers, risk, set, diplomacy, stratego, poker, memoir 44...', 100, NULL, 'New House 6, 5th floor kitchen', '2010-04-09 22:00:00', 120, 42.3550872149999, -71.1007475852966, 37, 'hidden', 'board games'),
(240, 'Mocktail Party', 'All of the best music, dancing, snacks, and non-alcoholic drinks will be at New House on Friday night. Come hang with some awesome people for a fun night out right on campus', 100, NULL, 'New House 3', '2010-04-09 22:00:00', 180, 42.3550872149999, -71.1007475852966, 37, 'hidden', 'party, dance, food'),
(241, 'Cookies, Smoothies, Milkshakes', 'Ils sont bons pour la sante', 100, NULL, 'New House 6, 5th floor kitchen', '2010-04-09 22:00:00', 60, 42.3550872149999, -71.1007475852966, 37, 'hidden', 'food'),
(242, 'Morning Coffee with Faculty and Staff', 'Prefrosh, parents and families, please join MIT faculty and staff for an informal chat and a cup of coffee to start your day! Drop in anytime during this hour, which precedes the Chancellor''s Welcome and Featured Faculty Speakers.', 101, NULL, 'Kresge Auditorium', '2010-04-09 09:00:00', 60, 42.3581158041097, -71.0950398445129, 37, 'hidden', 'academic, food, breakfast'),
(243, 'UROP Tours Sign-up', 'See first-hand the accessible and cutting edge research opportunities available to MIT undergraduates! A complete list of tour descriptions will be available at registration. Tour sign-up required to participate. Note: Sign up begins on Thursday and may not extend to Friday due to limited availability. Limit one tour per student. For general information about the UROP program, come to the UROP discussion panel Friday, April 9th at 12pm in Kresge Auditorium (W16).', 101, NULL, 'Student Center, 2nd Floor', '2010-04-09 09:00:00', 180, 42.358987883855, -71.0947179794312, 37, 'hidden', ''),
(244, 'Financial Aid Appointments', 'For questions regarding aid, loans, student employment, and/or billing, please visit the Student Financial Services (SFS) desk in La Sala de Puerto Rico. General questions are answered immediately or you will be advised to schedule a 20-minute appointment. Scheduled appointments are limited and held in 11-120.', 101, NULL, 'Student Center, 2nd Floor', '2010-04-09 09:00:00', 480, 42.358987883855, -71.0947179794312, 37, 'hidden', 'sign up'),
(245, 'Parent Hospitality Lounge', 'Grab a cup of coffee or tea and chat with current MIT parents as well as other parents of MIT prefrosh. Also, learn about the MIT Parents Association and the Parent Connector Network from current volunteers and staff.', 101, NULL, 'Student Center, 2nd Floor', '2010-04-09 09:00:00', 480, 42.358987883855, -71.0947179794312, 37, 'hidden', 'parents, coffee, tea'),
(246, 'Chancellor''s Welcome & Featured Faculty Speakers', 'Chancellor Phillip Clay welcomes you to CPW and introduces the featured MIT faculty speakers: Dr. Nancy Kanwisher (SB ''80, PhD ''86), Department of Brain & Cognitive Sciences, whose research is on the cutting edge of cognitive function and development (http://bcs.mit.edu/people/kanwisher.html); and Dr. Jonathan Gruber (SB ''87), Department of Economics, a renowned expert in public finance and health and advised both the Clinton and Obama administrations (http://econ-www.mit.edu/faculty/gruberj/shortbio).', 101, NULL, 'Kresge Auditorium', '2010-04-09 10:00:00', 90, 42.3581792284993, -71.0950183868408, 37, 'hidden', ''),
(247, 'MIt Medical Open House', 'Drop in at the Medical Department to learn more about the wide variety of health services available on campus as well as MIT student insurance coverage. Clinical staff, senior administrators and students will be on hand to answer any questions.', 101, NULL, 'MIT Medical Lobby', '2010-04-09 11:30:00', 90, 42.3610253320892, -71.086585521698, 37, 'hidden', 'tours'),
(248, 'Campus Tour', 'Departing on the hour and the half hour from Wiesner Student Art Gallery.', 101, NULL, 'Student Center, 2nd Floor', '2010-04-09 12:00:00', 60, 42.358987883855, -71.0947179794312, 37, 'hidden', 'tours'),
(249, 'Undergraduate Research Opportunities Program (UROP) Panel Discussion', 'Come learn about all aspects of UROP at MIT, including how to participate, what type of research is appropriate, what to expect from the program, and more. Discussion will center on the experiences of the UROP student panel as moderated by UROP staff. Plenty of time will be allowed for questions and answers, so bring your questions!', 101, NULL, 'Kresge Auditorium', '2010-04-09 12:00:00', 60, 42.3581633724079, -71.0949540138245, 37, 'hidden', 'discussion, urop, academic'),
(250, 'Academic Arts Fair', 'Undergraduate students and academic department/program representatives, as well as students, faculty, and staff from MIT''s arts community will be on hand to provide information about the variety of majors and programs offered at MIT.', 101, NULL, 'Johnson Athletic Center', '2010-04-09 14:00:00', 120, 42.3585122054943, -71.0963273048401, 37, 'hidden', ''),
(251, 'Athletics, Physical Education and Recreation Fair', 'Meet educators, coaches and athletes, and learn all about the physical education, recreation, intramural, club and athletic programs and opportunities at MIT.', 101, NULL, 'Rockwell Cage (W33)', '2010-04-09 14:00:00', 120, 42.3591305866611, -71.0959678888321, 37, 'hidden', ''),
(252, 'Meet the Bloggers', 'Be the ÒFirst!Ó to meet the people behind the 50x50 pixel jpegs -- the real mitadmissions.org bloggers. The current student bloggers will be there -- including Hamsika, Jenny, Cam, Marcela, Celena, Yan, Shannon, Chris M and Chris S, Snively, Paul, Keri, Jess, Kim, Laura and Lulu -- as will the staff bloggers, including Matt, Dave, Chris P, Kim, Mikey and Quinton. As is the tradition, root beer floats will be served.', 101, NULL, 'Student Center, 2nd Floor', '2010-04-09 18:30:00', 90, 42.358987883855, -71.0947179794312, 37, 'hidden', 'food, root beer floats'),
(253, 'Courtyard Antics', 'Hang out in our courtyard! Get your hair dyed, build wooden contraptions, and get classy tours of East Campus.', 102, NULL, 'East Campus', '2010-04-09 15:00:00', 360, 42.3603039085572, -71.0883235931396, 37, 'hidden', 'hair, dye, tours'),
(254, 'CryoFAC', 'Nom liquid nitrogen ice cream with a cornucopia of toppings.', 102, NULL, 'East Campus', '2010-04-09 17:00:00', 60, 42.3603039085572, -71.0883235931396, 37, 'hidden', 'food, ice cream, liquid nitrogen'),
(255, 'East Campus Grilling', 'Stuff your face with hot beef (and veggie burgers if storing dead animals is none of your stomach''s business).', 102, NULL, 'East Campus', '2010-04-09 18:00:00', 120, 42.3603039085572, -71.0883235931396, 37, 'hidden', 'food, burgers, veggie, vegetarian'),
(256, 'Seminar Circus', 'After you stuff your face at cryoFAC, stick around and learn hands on all the skills we say a MIT student needs, including: power tools, making electronic gadgets, power tools, chemistry, art, and object manipulation', 102, NULL, 'East Campus', '2010-04-09 18:00:00', 180, 42.3603039085572, -71.0883235931396, 37, 'hidden', 'power tools, build, art, chemistry'),
(257, 'Sweet Rave Party', 'RAVE!!! RAVE RAVE RAVE (glow sticks!) RAVE RAVE RAVE. (Dance the night away.)', 103, NULL, 'Random Hall', '2010-04-09 01:17:00', 43, 42.3618498059832, -71.0982477664948, 37, 'hidden', 'rave, dance, glow sticks'),
(258, 'Sleepers Anonymous', 'Sleep is an addiction. The first step towards overcoming your addiction is admitting you have a problem. Sleepers Anonymous is a support group formed to help people like you overcome this addiction. Come, and we will all fight it together.', 103, NULL, 'Random Hall', '2010-04-09 03:17:00', 283, 42.3618498059832, -71.0982477664948, 37, 'hidden', ''),
(259, 'More Breakfast than YOUR BODY HAS ROOM FOR!!!', 'It''s the return of the OM NOM NOMELETTE! And this time, it has an army of OVER 9000 PANCAKES!', 103, NULL, 'Random Hall', '2010-04-09 08:17:00', 180, 42.3618498059832, -71.0982477664948, 37, 'hidden', 'food, breakfast, pancakes, omelette, 9000'),
(260, 'Toilet Paper Dodgeball', 'Come to CPW! Meet new and exciting people! Hit them with rolls of toilet paper!', 103, NULL, 'Random Hall', '2010-04-09 10:47:00', 60, 42.3618498059832, -71.0982477664948, 37, 'hidden', 'toilet paper'),
(261, 'The Adventures of Baron von Ternus', 'Come eat Austrian food and listen to stories told by one of Random''s world-traveling residents.', 103, NULL, 'Random Hall', '2010-04-09 12:17:00', 60, 42.3618498059832, -71.0982477664948, 37, 'hidden', 'food, austrian, stories'),
(262, 'D&D One-Slot', 'Shock! An outcry! Lord Branstein murdered! By who, or what? Only our brave yet unlikely team of ragtag adventurers can get to the bottom of this! If you can''t make it for the beginning feel free to join at anytime.', 103, NULL, 'Random Hall', '2010-04-09 01:17:00', 240, 42.3618498059832, -71.0982477664948, 37, 'hidden', ''),
(263, 'Afternoon Tea', 'The Mad Hatter and the March Hare invite you to tea; come for light food and insanity as well. Stuffed animals are always welcome, and don''t forget a hat!', 103, NULL, 'Random Hall', '2010-04-09 14:17:00', 60, 42.3618498059832, -71.0982477664948, 37, 'hidden', 'tea, food'),
(264, 'Pants Pants Revolution', 'Just like Dance Dance Revolution, except that every time you win, you put on another pair of pants.', 103, NULL, 'Random Hall', '2010-04-09 15:17:00', 60, 42.3618498059832, -71.0982477664948, 37, 'hidden', 'video games, dance'),
(265, 'Liquid Nitrogen Ice Cream', 'I scream, you scream, we all scream for 77 Kelvins. This event has one-in-three chance of being Deep Fried Liquid Nitrogen Ice Cream in disguise!', 103, NULL, 'Random Hall', '2010-04-09 16:17:00', 60, 42.3618498059832, -71.0982477664948, 37, 'hidden', 'food, ice cream, liquid nitrogen'),
(266, 'Cardboard Fort Erection', 'Step 1: Erect large cardboard structures Step 2: ??? Step 3: Profit!', 103, NULL, 'Random Hall', '2010-04-09 17:17:00', 60, 42.3618498059832, -71.0982477664948, 37, 'hidden', ''),
(267, 'Minihunt', 'Can''t wait for the MIT Mystery Hunt? You don''t have to! Join us to work on some awesome puzzles and brainteasers. We''ll even try some meta-puzzles and go on a puzzling runaround! Healthy brain food provided.', 103, NULL, 'Random Hall', '2010-04-09 18:17:00', 60, 42.3618498059832, -71.0982477664948, 37, 'hidden', 'food, puzzles'),
(268, 'Cardboard Fort Nerf Battle', 'Step 4: DEATH TO THE INFIDELS WHO CONSTRUCTED THESE INFERIOR CARDBOARD FORTS!', 103, NULL, 'Random Hall', '2010-04-09 18:17:00', 60, 42.3618498059832, -71.0982477664948, 37, 'hidden', 'nerf, battle'),
(269, 'BEEF', 'BEEEEEEF.', 103, NULL, 'Random Hall', '2010-04-09 19:17:00', 120, 42.3618498059832, -71.0982477664948, 37, 'hidden', 'food, beef'),
(270, 'Storytime with Cruft', 'cruft, n.- code, data, or software of poor quality. Also: fluff, detritus and MIT alumni. Come learn of ye oldenn tymes from the ancient ones', 103, NULL, 'Random Hall', '2010-04-09 19:47:00', 60, 42.3618498059832, -71.0982477664948, 37, 'hidden', 'stories'),
(271, 'ntris Friends', 'Larger and larger blocks fall down the screen, and it''s your job to clear lines faster than your opponent. Test your skill and speed against other prefrosh and against our reigning champion.', 103, NULL, 'Random Hall', '2010-04-09 20:47:00', 60, 42.3618498059832, -71.0982477664948, 37, 'hidden', 'video games'),
(272, 'Board Games', 'Risk? Not exactly! Come play in our Dominion of Munchkins and Betrayal, get a Ticket to Ride to your Descent, and Race for the Galaxy''s Twilight Imperium! You might even settle in Catan along the way.', 103, NULL, 'Random Hall', '2010-04-09 21:47:00', 60, 42.3618498059832, -71.0982477664948, 37, 'hidden', 'board games');

-- --------------------------------------------------------

--
-- Table structure for table `events_users`
--

CREATE TABLE IF NOT EXISTS `events_users` (
  `event_id` int(10) NOT NULL,
  `user_id` int(10) NOT NULL,
  UNIQUE KEY `un` (`event_id`,`user_id`)
) ENGINE=MyISAM DEFAULT CHARSET=latin1;

--
-- Dumping data for table `events_users`
--

INSERT INTO `events_users` (`event_id`, `user_id`) VALUES
(1, 7),
(2, 24),
(3, 6),
(3, 24),
(76, 6),
(163, 6),
(165, 6),
(166, 12),
(207, 7),
(210, 24),
(211, 24),
(216, 24),
(221, 28);

-- --------------------------------------------------------

--
-- Table structure for table `event_groups`
--

CREATE TABLE IF NOT EXISTS `event_groups` (
  `id` int(10) NOT NULL AUTO_INCREMENT,
  `name` text,
  `description` text,
  `photo_url` text,
  `parent_id` int(10) DEFAULT NULL COMMENT 'aka the parent group. 0 means there is no parent.',
  `lft` int(10) NOT NULL,
  `rght` int(10) NOT NULL,
  `path` text NOT NULL,
  `location` text,
  `latitude` double DEFAULT NULL,
  `longitude` double DEFAULT NULL,
  PRIMARY KEY (`id`)
) ENGINE=MyISAM  DEFAULT CHARSET=latin1 AUTO_INCREMENT=104 ;

--
-- Dumping data for table `event_groups`
--

INSERT INTO `event_groups` (`id`, `name`, `description`, `photo_url`, `parent_id`, `lft`, `rght`, `path`, `location`, `latitude`, `longitude`) VALUES
(1, NULL, NULL, NULL, NULL, 1, 2, '', NULL, NULL, NULL),
(22, 'woahshit', 'let''s get a description going', NULL, NULL, 51, 58, 'woahshit', '', 42.3593842797384, -71.1044383049011),
(23, 'under', '', NULL, 22, 52, 53, 'woahshit/under', NULL, 42.4112905190282, -71.7338562011719),
(21, 'and this', '', NULL, NULL, 49, 50, 'and-this', NULL, 42.3591147308098, -71.0951256752014),
(7, 'CPW 10', '', '', 0, 19, 22, 'cpw10', '', NULL, NULL),
(8, 'coolio', '', NULL, 7, 20, 21, 'cpw10/coolio', '', NULL, NULL),
(9, 'sweetshit', 'blah', NULL, 0, 23, 26, 'laugh', '', NULL, NULL),
(11, 'otherthing', '', NULL, 0, 27, 28, 'yessir', NULL, NULL, NULL),
(12, 'chiil', '', NULL, 0, 29, 44, 'dude', NULL, NULL, NULL),
(18, 'nice', '', NULL, 9, 24, 25, 'laugh/nice', NULL, NULL, NULL),
(19, 'badass', '', NULL, 0, 45, 46, 'bada', NULL, NULL, NULL),
(20, 'newtest', '', NULL, NULL, 47, 48, 'newtest', 'stanford', 37.424106, -122.166076),
(24, 'way cool', 'des', NULL, 0, 59, 64, 'way-cool', NULL, 42.358987883855, -71.0967993736267),
(25, 'under here', 'des', NULL, 24, 60, 61, 'way-cool/under-here', NULL, 42.358987883855, -71.0967993736267),
(26, 'group underneath', '', NULL, 24, 62, 63, 'way-cool/group-underneath', 'stanford', 37.424106, -122.166076),
(27, 'check cats', '', NULL, NULL, 65, 68, 'check-cats', '', NULL, NULL),
(28, 'check for cats', '', NULL, 27, 66, 67, 'check-cats/check-for-cats', '', NULL, NULL),
(29, 'under woah', '', NULL, 22, 54, 57, 'woahshit/under-woah', '', 42.3593842797384, -71.1044383049011),
(30, 'this shit', '', NULL, 29, 55, 56, 'woahshit/under-woah/this-shit', '', 42.3593842797384, -71.1044383049011),
(31, 'another thing', '', NULL, 12, 32, 33, 'dude/another-thing', '', NULL, NULL),
(32, 'more', '', NULL, 12, 34, 35, 'dude/more', '', NULL, NULL),
(33, 'testpages', '', NULL, 12, 36, 37, 'dude/testpages', '', NULL, NULL),
(34, 'me''s sub', '', NULL, 12, 38, 39, 'dude/me''s-sub', '', NULL, NULL),
(35, 'mes sub', '', NULL, 12, 40, 41, 'dude/mes-sub', '', NULL, NULL),
(36, 'ok', '', NULL, 12, 42, 43, 'dude/ok', '', NULL, NULL),
(37, 'waynew', '', NULL, 0, 69, 70, 'waynew', '', NULL, NULL),
(38, 'nother', '', NULL, 0, 71, 76, 'nother', '', NULL, NULL),
(39, 'chilly', '', NULL, 38, 72, 75, 'nother/chilly', '', NULL, NULL),
(40, 'made by c', '', NULL, 39, 73, 74, 'nother/chilly/made-by-c', '', NULL, NULL),
(41, 'crazyshiz', '', NULL, 0, 77, 80, 'crazyshiz', '', NULL, NULL),
(42, 'now sub', '', NULL, 41, 78, 79, 'crazyshiz/now-sub', '', NULL, NULL),
(43, 'cheese', '', NULL, 0, 81, 86, 'cheese', '', NULL, NULL),
(44, 'ier', '', NULL, 43, 82, 85, 'cheese/ier', '', NULL, NULL),
(45, 'll', '', NULL, 44, 83, 84, 'cheese/ier/ll', '', NULL, NULL),
(46, 'scis', '', NULL, 0, 87, 94, 'scis', '', NULL, NULL),
(47, 'oh oboy', '', NULL, 46, 88, 93, 'scis/oh-oboy', '', NULL, NULL),
(48, 'and more', '', NULL, 47, 89, 90, 'scis/oh-oboy/and-more', '', NULL, NULL),
(49, 'ziz', '', NULL, 47, 91, 92, 'scis/oh-oboy/ziz', '', NULL, NULL),
(50, 'try again', '', NULL, 0, 95, 100, 'try-again', '', NULL, NULL),
(51, 'love', '', NULL, 50, 96, 97, 'try-again/love', '', NULL, NULL),
(52, 'love', '', NULL, 50, 98, 99, 'try-again/love', '', NULL, NULL),
(53, 'and again', '', NULL, 0, 101, 114, 'and-again', '', NULL, NULL),
(54, 'ooaa', '', NULL, 53, 102, 111, 'and-again/ooaa', '', NULL, NULL),
(55, 'byc', '', NULL, 54, 103, 104, 'and-again/ooaa/byc', '', NULL, NULL),
(56, 'bya', '', NULL, 54, 105, 106, 'and-again/ooaa/bya', '', NULL, NULL),
(57, 'plz', '', NULL, 54, 107, 110, 'and-again/ooaa/plz', '', NULL, NULL),
(58, 'subplz', '', NULL, 57, 108, 109, 'and-again/ooaa/plz/subplz', '', NULL, NULL),
(59, 'Hello! Mr. Cheese&', '', NULL, 53, 112, 113, 'and-again/Hello!-Mr.-Cheese&', '', NULL, NULL),
(60, 'calc', '', NULL, 0, 115, 134, 'calc', '', NULL, NULL),
(74, 'east of north', 'stupid', NULL, 73, 137, 138, 'stanford-cpw/north-side/east-of-north', '', NULL, NULL),
(67, 'by c', '', NULL, 60, 128, 129, 'calc/by-c', '', NULL, NULL),
(64, 'checkpath2', '', NULL, 60, 122, 125, 'calc/checkpath2', '', NULL, NULL),
(72, 'Stanford cpw!', 'with a des', NULL, NULL, 135, 140, 'stanford-cpw', '', NULL, NULL),
(73, 'north side', 'more des', NULL, 72, 136, 139, 'stanford-cpw/north-side', '', NULL, NULL),
(76, 'ut cpw', 'really cool des', NULL, NULL, 141, 142, 'ut-cpw', '', NULL, NULL),
(77, 'Harvard CPW', 'cool stuff here', NULL, 0, 143, 148, 'hcpw', '', NULL, NULL),
(78, 'living groups', 'go here for cool living group events\r\n', NULL, 77, 144, 147, 'hcpw/living-groups', '', NULL, NULL),
(79, 'finals clubs', 'here''s where the fun is!', NULL, 78, 145, 146, 'hcpw/living-groups/finals-clubs', '', NULL, NULL),
(80, 'test', '', NULL, 0, 149, 150, 'test', '', NULL, NULL),
(81, 'try this', '', NULL, 0, 151, 152, 'try-this', '', NULL, NULL),
(82, 'plz sir', '', NULL, 0, 153, 154, 'plz-sir', '', NULL, NULL),
(83, 'and this', '', NULL, 0, 155, 156, 'and-this', '', NULL, NULL),
(84, 'is this taken', '', NULL, 0, 157, 158, 'is-this-taken', '', NULL, NULL),
(85, 'totally unique', '', NULL, 0, 159, 162, 'totally-uniqu', '', NULL, NULL),
(86, 'and this', '', NULL, 0, 163, 164, 'and-this', '', NULL, NULL),
(87, 'and this', '', NULL, 0, 165, 166, 'and-this', '', NULL, NULL),
(88, 'and thisd', '', NULL, 0, 167, 168, 'and-thisd', '', NULL, NULL),
(89, 'oo aa', '', NULL, 85, 160, 161, 'totally-uniqu/oo-aa', '', NULL, NULL),
(90, 'cool top thing', '', NULL, 0, 169, 172, 'cool-top-thing', '', NULL, NULL),
(91, 'yessir', '', NULL, 90, 170, 171, 'cool-top-thing/yessir', '', NULL, NULL),
(92, 'my room', '', NULL, 0, 173, 174, 'my-room', '', NULL, NULL),
(93, 'sicky', '', NULL, 0, 175, 176, 'sicky', '', NULL, NULL),
(94, 'ok try this', '', NULL, 0, 177, 178, 'ok-try-thi', '', NULL, NULL),
(95, 'love', '', NULL, 0, 179, 180, 'love', '', NULL, NULL),
(96, 'again', '', NULL, 0, 181, 182, 'again', '', NULL, NULL),
(97, 'MIT CPW', 'Come get a taste of what MIT has to offer!', NULL, NULL, 183, 194, 'mit-cpw', 'MIT', 42.3586113054497, -71.0942298173904),
(98, 'Senior House', 'Sport death!  Only life can kill you!', NULL, 97, 184, 185, 'mit-cpw/Senior-House', 'Senior House', 42.3599075184754, -71.086950302124),
(99, 'weezy', 'hey man', NULL, 0, 195, 196, 'weezy', 'mit', 42.3579096744015, -71.0969924926758),
(100, 'New House', 'Building W70!  Come get a taste of culture!', NULL, 97, 186, 187, 'mit-cpw/New-House', 'New House', 42.3550872149999, -71.1007475852966),
(101, 'Official', 'This group contains the official or featured events of CPW!  Check them out!', NULL, 97, 188, 189, 'mit-cpw/Official', 'Student Center', 42.358987883855, -71.0947179794312),
(102, 'East Campus', 'Quirky and zany!', NULL, 97, 190, 191, 'mit-cpw/East-Campus', 'East Campus', 42.3603039085572, -71.0883235931396),
(103, 'Random Hall', 'We are not a random hall on campus (well, we are pretty random).  We are an actual place to live, called Random Hall, located a short walk down Mass Ave (not across the bridge).', NULL, 97, 192, 193, 'mit-cpw/Random-Hall', 'Random Hall', 42.3618498059832, -71.0982477664948);

-- --------------------------------------------------------

--
-- Table structure for table `event_groups_users`
--

CREATE TABLE IF NOT EXISTS `event_groups_users` (
  `user_id` int(10) NOT NULL,
  `event_group_id` int(10) NOT NULL,
  `time` timestamp NOT NULL DEFAULT CURRENT_TIMESTAMP ON UPDATE CURRENT_TIMESTAMP,
  UNIQUE KEY `uni` (`user_id`,`event_group_id`)
) ENGINE=MyISAM DEFAULT CHARSET=latin1;

--
-- Dumping data for table `event_groups_users`
--

INSERT INTO `event_groups_users` (`user_id`, `event_group_id`, `time`) VALUES
(24, 7, '2010-11-13 15:46:28'),
(6, 76, '2010-11-13 20:07:20'),
(24, 76, '2010-11-13 10:38:09'),
(24, 37, '2010-11-13 10:29:52'),
(24, 41, '2010-11-13 10:37:58'),
(7, 7, '2010-11-13 11:14:04'),
(24, 72, '2010-11-13 15:39:46'),
(28, 77, '2010-11-13 20:54:47'),
(6, 7, '2010-11-14 17:18:46'),
(6, 9, '2010-11-14 17:34:57'),
(32, 21, '2010-11-14 21:21:46'),
(35, 7, '2010-11-15 17:47:18'),
(37, 97, '2010-11-18 14:32:33'),
(36, 99, '2010-11-17 22:54:01'),
(38, 7, '2010-11-18 01:15:11'),
(38, 99, '2010-11-18 01:15:59'),
(38, 82, '2010-11-18 01:16:16'),
(38, 9, '2010-11-18 01:16:21');

-- --------------------------------------------------------

--
-- Table structure for table `users`
--

CREATE TABLE IF NOT EXISTS `users` (
  `id` int(10) NOT NULL AUTO_INCREMENT,
  `email` varchar(200) NOT NULL,
  `pass` char(40) NOT NULL,
  PRIMARY KEY (`id`),
  UNIQUE KEY `email` (`email`)
) ENGINE=MyISAM  DEFAULT CHARSET=latin1 AUTO_INCREMENT=39 ;

--
-- Dumping data for table `users`
--

INSERT INTO `users` (`id`, `email`, `pass`) VALUES
(5, 'Guest', ''),
(6, 'frozen_fire1991@yahoo.com', 'fromfacebook'),
(7, 'a@a.com', '464d83f2a73cc7068632fb46cbb0214538dec819'),
(8, 'blahdee@da.com', 'unregistered'),
(9, 'b@b.com', '356a192b7913b04c54574d18c28d46e6395428ab'),
(10, 'love@love.com', '356a192b7913b04c54574d18c28d46e6395428ab'),
(11, 'someguy@blah.com', 'unregistered'),
(12, 'me@you.com', '3d4f2bf07dc1be38b20cd6e46949a1071f9d0e3d'),
(13, 'newguy@here.com', 'unregistered'),
(14, 'c@c.com', '3d4f2bf07dc1be38b20cd6e46949a1071f9d0e3d'),
(15, 'somethingelse@something.com', '3d4f2bf07dc1be38b20cd6e46949a1071f9d0e3d'),
(19, 'what@what.com', 'unregistered'),
(20, 'andanother@here.com', 'unregistered'),
(21, 'sljdf@lsdf.com', 'unregistered'),
(22, 'oh boy', 'unregistered'),
(23, 'realemail@email.com', 'unregistered'),
(24, 'd@d.com', '3d4f2bf07dc1be38b20cd6e46949a1071f9d0e3d'),
(25, 'theicfire@gmail.com', '3d4f2bf07dc1be38b20cd6e46949a1071f9d0e3d'),
(26, 'testnot@test.com', '464d83f2a73cc7068632fb46cbb0214538dec819'),
(27, 'more@more.com', 'unregistered'),
(28, 'lambertgchase@gmail.com', '3d4f2bf07dc1be38b20cd6e46949a1071f9d0e3d'),
(29, 'finalsclubpres@harvard.edu', '3d4f2bf07dc1be38b20cd6e46949a1071f9d0e3d'),
(30, 'tigger@tigger.com', '3d4f2bf07dc1be38b20cd6e46949a1071f9d0e3d'),
(31, 'sick@sick.com', '3d4f2bf07dc1be38b20cd6e46949a1071f9d0e3d'),
(32, 'chilly@chill.com', '3d4f2bf07dc1be38b20cd6e46949a1071f9d0e3d'),
(33, 'phone@phone.com', '3d4f2bf07dc1be38b20cd6e46949a1071f9d0e3d'),
(34, 'phone2@phone.com', '3d4f2bf07dc1be38b20cd6e46949a1071f9d0e3d'),
(35, 'key@board.com', '3d4f2bf07dc1be38b20cd6e46949a1071f9d0e3d'),
(36, 'lambertc@mit.edu', '3d4f2bf07dc1be38b20cd6e46949a1071f9d0e3d'),
(37, 'Fermilab@MIT.edu', '07b9d82b4ede71e2d83d4ad65885ceb388a864b3'),
(38, 'ravenc@mit.edu', '5baa61e4c9b93f3f0682250b6cf8331b7ee68fd8');

-- --------------------------------------------------------

--
-- Table structure for table `user_aliases`
--

CREATE TABLE IF NOT EXISTS `user_aliases` (
  `id` int(11) NOT NULL AUTO_INCREMENT,
  `alias` varchar(255) NOT NULL,
  `user_id` int(11) NOT NULL,
  PRIMARY KEY (`id`),
  UNIQUE KEY `alias` (`alias`)
) ENGINE=MyISAM  DEFAULT CHARSET=latin1 AUTO_INCREMENT=4 ;

--
-- Dumping data for table `user_aliases`
--

INSERT INTO `user_aliases` (`id`, `alias`, `user_id`) VALUES
(1, 'sweetie@sweet.com', 14),
(2, 'chilly@chill.com', 14),
(3, 'shiz@blah.com', 14);
